<?xml version="1.0" encoding="UTF-8"?>
<?xml-stylesheet href="CoreNLP-to-HTML.xsl" type="text/xsl"?>
<root>
  <document>
    <docId>BTID-10087.txt</docId>
    <sentences>
      <sentence id="1">
        <tokens>
          <token id="1">
            <word>Borrelia</word>
            <lemma>borrelia</lemma>
            <CharacterOffsetBegin>0</CharacterOffsetBegin>
            <CharacterOffsetEnd>8</CharacterOffsetEnd>
            <POS>FW</POS>
            <NER>O</NER>
            <Speaker>PER0</Speaker>
          </token>
          <token id="2">
            <word>afzelii</word>
            <lemma>afzelii</lemma>
            <CharacterOffsetBegin>9</CharacterOffsetBegin>
            <CharacterOffsetEnd>16</CharacterOffsetEnd>
            <POS>FW</POS>
            <NER>O</NER>
            <Speaker>PER0</Speaker>
          </token>
          <token id="3">
            <word>PKo</word>
            <lemma>pko</lemma>
            <CharacterOffsetBegin>17</CharacterOffsetBegin>
            <CharacterOffsetEnd>20</CharacterOffsetEnd>
            <POS>NN</POS>
            <NER>O</NER>
            <Speaker>PER0</Speaker>
          </token>
          <token id="4">
            <word>Description</word>
            <lemma>description</lemma>
            <CharacterOffsetBegin>21</CharacterOffsetBegin>
            <CharacterOffsetEnd>32</CharacterOffsetEnd>
            <POS>NN</POS>
            <NER>O</NER>
            <Speaker>PER0</Speaker>
          </token>
          <token id="5">
            <word>Borrelia</word>
            <lemma>borrelia</lemma>
            <CharacterOffsetBegin>33</CharacterOffsetBegin>
            <CharacterOffsetEnd>41</CharacterOffsetEnd>
            <POS>FW</POS>
            <NER>O</NER>
            <Speaker>PER0</Speaker>
          </token>
          <token id="6">
            <word>afzelii</word>
            <lemma>afzelii</lemma>
            <CharacterOffsetBegin>42</CharacterOffsetBegin>
            <CharacterOffsetEnd>49</CharacterOffsetEnd>
            <POS>FW</POS>
            <NER>O</NER>
            <Speaker>PER0</Speaker>
          </token>
          <token id="7">
            <word>.</word>
            <lemma>.</lemma>
            <CharacterOffsetBegin>49</CharacterOffsetBegin>
            <CharacterOffsetEnd>50</CharacterOffsetEnd>
            <POS>.</POS>
            <NER>O</NER>
            <Speaker>PER0</Speaker>
          </token>
        </tokens>
        <dependencies type="basic-dependencies">
          <dep type="root">
            <governor idx="0">ROOT</governor>
            <dependent idx="6">afzelii</dependent>
          </dep>
          <dep type="compound">
            <governor idx="6">afzelii</governor>
            <dependent idx="1">Borrelia</dependent>
          </dep>
          <dep type="compound">
            <governor idx="6">afzelii</governor>
            <dependent idx="2">afzelii</dependent>
          </dep>
          <dep type="compound">
            <governor idx="6">afzelii</governor>
            <dependent idx="3">PKo</dependent>
          </dep>
          <dep type="compound">
            <governor idx="6">afzelii</governor>
            <dependent idx="4">Description</dependent>
          </dep>
          <dep type="compound">
            <governor idx="6">afzelii</governor>
            <dependent idx="5">Borrelia</dependent>
          </dep>
          <dep type="punct">
            <governor idx="6">afzelii</governor>
            <dependent idx="7">.</dependent>
          </dep>
        </dependencies>
        <dependencies type="collapsed-dependencies">
          <dep type="root">
            <governor idx="0">ROOT</governor>
            <dependent idx="6">afzelii</dependent>
          </dep>
          <dep type="compound">
            <governor idx="6">afzelii</governor>
            <dependent idx="1">Borrelia</dependent>
          </dep>
          <dep type="compound">
            <governor idx="6">afzelii</governor>
            <dependent idx="2">afzelii</dependent>
          </dep>
          <dep type="compound">
            <governor idx="6">afzelii</governor>
            <dependent idx="3">PKo</dependent>
          </dep>
          <dep type="compound">
            <governor idx="6">afzelii</governor>
            <dependent idx="4">Description</dependent>
          </dep>
          <dep type="compound">
            <governor idx="6">afzelii</governor>
            <dependent idx="5">Borrelia</dependent>
          </dep>
          <dep type="punct">
            <governor idx="6">afzelii</governor>
            <dependent idx="7">.</dependent>
          </dep>
        </dependencies>
        <dependencies type="collapsed-ccprocessed-dependencies">
          <dep type="root">
            <governor idx="0">ROOT</governor>
            <dependent idx="6">afzelii</dependent>
          </dep>
          <dep type="compound">
            <governor idx="6">afzelii</governor>
            <dependent idx="1">Borrelia</dependent>
          </dep>
          <dep type="compound">
            <governor idx="6">afzelii</governor>
            <dependent idx="2">afzelii</dependent>
          </dep>
          <dep type="compound">
            <governor idx="6">afzelii</governor>
            <dependent idx="3">PKo</dependent>
          </dep>
          <dep type="compound">
            <governor idx="6">afzelii</governor>
            <dependent idx="4">Description</dependent>
          </dep>
          <dep type="compound">
            <governor idx="6">afzelii</governor>
            <dependent idx="5">Borrelia</dependent>
          </dep>
          <dep type="punct">
            <governor idx="6">afzelii</governor>
            <dependent idx="7">.</dependent>
          </dep>
        </dependencies>
        <dependencies type="enhanced-dependencies">
          <dep type="root">
            <governor idx="0">ROOT</governor>
            <dependent idx="6">afzelii</dependent>
          </dep>
          <dep type="compound">
            <governor idx="6">afzelii</governor>
            <dependent idx="1">Borrelia</dependent>
          </dep>
          <dep type="compound">
            <governor idx="6">afzelii</governor>
            <dependent idx="2">afzelii</dependent>
          </dep>
          <dep type="compound">
            <governor idx="6">afzelii</governor>
            <dependent idx="3">PKo</dependent>
          </dep>
          <dep type="compound">
            <governor idx="6">afzelii</governor>
            <dependent idx="4">Description</dependent>
          </dep>
          <dep type="compound">
            <governor idx="6">afzelii</governor>
            <dependent idx="5">Borrelia</dependent>
          </dep>
          <dep type="punct">
            <governor idx="6">afzelii</governor>
            <dependent idx="7">.</dependent>
          </dep>
        </dependencies>
        <dependencies type="enhanced-plus-plus-dependencies">
          <dep type="root">
            <governor idx="0">ROOT</governor>
            <dependent idx="6">afzelii</dependent>
          </dep>
          <dep type="compound">
            <governor idx="6">afzelii</governor>
            <dependent idx="1">Borrelia</dependent>
          </dep>
          <dep type="compound">
            <governor idx="6">afzelii</governor>
            <dependent idx="2">afzelii</dependent>
          </dep>
          <dep type="compound">
            <governor idx="6">afzelii</governor>
            <dependent idx="3">PKo</dependent>
          </dep>
          <dep type="compound">
            <governor idx="6">afzelii</governor>
            <dependent idx="4">Description</dependent>
          </dep>
          <dep type="compound">
            <governor idx="6">afzelii</governor>
            <dependent idx="5">Borrelia</dependent>
          </dep>
          <dep type="punct">
            <governor idx="6">afzelii</governor>
            <dependent idx="7">.</dependent>
          </dep>
        </dependencies>
      </sentence>
      <sentence id="2">
        <tokens>
          <token id="1">
            <word>This</word>
            <lemma>this</lemma>
            <CharacterOffsetBegin>51</CharacterOffsetBegin>
            <CharacterOffsetEnd>55</CharacterOffsetEnd>
            <POS>DT</POS>
            <NER>O</NER>
            <Speaker>PER0</Speaker>
          </token>
          <token id="2">
            <word>species</word>
            <lemma>species</lemma>
            <CharacterOffsetBegin>56</CharacterOffsetBegin>
            <CharacterOffsetEnd>63</CharacterOffsetEnd>
            <POS>NNS</POS>
            <NER>O</NER>
            <Speaker>PER0</Speaker>
          </token>
          <token id="3">
            <word>was</word>
            <lemma>be</lemma>
            <CharacterOffsetBegin>64</CharacterOffsetBegin>
            <CharacterOffsetEnd>67</CharacterOffsetEnd>
            <POS>VBD</POS>
            <NER>O</NER>
            <Speaker>PER0</Speaker>
          </token>
          <token id="4">
            <word>isolated</word>
            <lemma>isolate</lemma>
            <CharacterOffsetBegin>68</CharacterOffsetBegin>
            <CharacterOffsetEnd>76</CharacterOffsetEnd>
            <POS>VBN</POS>
            <NER>O</NER>
            <Speaker>PER0</Speaker>
          </token>
          <token id="5">
            <word>from</word>
            <lemma>from</lemma>
            <CharacterOffsetBegin>77</CharacterOffsetBegin>
            <CharacterOffsetEnd>81</CharacterOffsetEnd>
            <POS>IN</POS>
            <NER>O</NER>
            <Speaker>PER0</Speaker>
          </token>
          <token id="6">
            <word>a</word>
            <lemma>a</lemma>
            <CharacterOffsetBegin>82</CharacterOffsetBegin>
            <CharacterOffsetEnd>83</CharacterOffsetEnd>
            <POS>DT</POS>
            <NER>O</NER>
            <Speaker>PER0</Speaker>
          </token>
          <token id="7">
            <word>skin</word>
            <lemma>skin</lemma>
            <CharacterOffsetBegin>84</CharacterOffsetBegin>
            <CharacterOffsetEnd>88</CharacterOffsetEnd>
            <POS>NN</POS>
            <NER>O</NER>
            <Speaker>PER0</Speaker>
          </token>
          <token id="8">
            <word>lesion</word>
            <lemma>lesion</lemma>
            <CharacterOffsetBegin>89</CharacterOffsetBegin>
            <CharacterOffsetEnd>95</CharacterOffsetEnd>
            <POS>NN</POS>
            <NER>O</NER>
            <Speaker>PER0</Speaker>
          </token>
          <token id="9">
            <word>from</word>
            <lemma>from</lemma>
            <CharacterOffsetBegin>96</CharacterOffsetBegin>
            <CharacterOffsetEnd>100</CharacterOffsetEnd>
            <POS>IN</POS>
            <NER>O</NER>
            <Speaker>PER0</Speaker>
          </token>
          <token id="10">
            <word>a</word>
            <lemma>a</lemma>
            <CharacterOffsetBegin>101</CharacterOffsetBegin>
            <CharacterOffsetEnd>102</CharacterOffsetEnd>
            <POS>DT</POS>
            <NER>O</NER>
            <Speaker>PER0</Speaker>
          </token>
          <token id="11">
            <word>Lyme</word>
            <lemma>lyme</lemma>
            <CharacterOffsetBegin>103</CharacterOffsetBegin>
            <CharacterOffsetEnd>107</CharacterOffsetEnd>
            <POS>NN</POS>
            <NER>MISC</NER>
            <Speaker>PER0</Speaker>
          </token>
          <token id="12">
            <word>disease</word>
            <lemma>disease</lemma>
            <CharacterOffsetBegin>108</CharacterOffsetBegin>
            <CharacterOffsetEnd>115</CharacterOffsetEnd>
            <POS>NN</POS>
            <NER>CAUSE_OF_DEATH</NER>
            <Speaker>PER0</Speaker>
          </token>
          <token id="13">
            <word>patient</word>
            <lemma>patient</lemma>
            <CharacterOffsetBegin>116</CharacterOffsetBegin>
            <CharacterOffsetEnd>123</CharacterOffsetEnd>
            <POS>NN</POS>
            <NER>O</NER>
            <Speaker>PER0</Speaker>
          </token>
          <token id="14">
            <word>in</word>
            <lemma>in</lemma>
            <CharacterOffsetBegin>124</CharacterOffsetBegin>
            <CharacterOffsetEnd>126</CharacterOffsetEnd>
            <POS>IN</POS>
            <NER>O</NER>
            <Speaker>PER0</Speaker>
          </token>
          <token id="15">
            <word>Europe</word>
            <lemma>Europe</lemma>
            <CharacterOffsetBegin>127</CharacterOffsetBegin>
            <CharacterOffsetEnd>133</CharacterOffsetEnd>
            <POS>NNP</POS>
            <NER>LOCATION</NER>
            <Speaker>PER0</Speaker>
          </token>
          <token id="16">
            <word>in</word>
            <lemma>in</lemma>
            <CharacterOffsetBegin>134</CharacterOffsetBegin>
            <CharacterOffsetEnd>136</CharacterOffsetEnd>
            <POS>IN</POS>
            <NER>O</NER>
            <Speaker>PER0</Speaker>
          </token>
          <token id="17">
            <word>1993</word>
            <lemma>1993</lemma>
            <CharacterOffsetBegin>137</CharacterOffsetBegin>
            <CharacterOffsetEnd>141</CharacterOffsetEnd>
            <POS>CD</POS>
            <NER>DATE</NER>
            <NormalizedNER>1993</NormalizedNER>
            <Speaker>PER0</Speaker>
            <Timex tid="t1" type="DATE">1993</Timex>
          </token>
          <token id="18">
            <word>.</word>
            <lemma>.</lemma>
            <CharacterOffsetBegin>141</CharacterOffsetBegin>
            <CharacterOffsetEnd>142</CharacterOffsetEnd>
            <POS>.</POS>
            <NER>O</NER>
            <Speaker>PER0</Speaker>
          </token>
        </tokens>
        <dependencies type="basic-dependencies">
          <dep type="root">
            <governor idx="0">ROOT</governor>
            <dependent idx="4">isolated</dependent>
          </dep>
          <dep type="det">
            <governor idx="2">species</governor>
            <dependent idx="1">This</dependent>
          </dep>
          <dep type="nsubjpass">
            <governor idx="4">isolated</governor>
            <dependent idx="2">species</dependent>
          </dep>
          <dep type="auxpass">
            <governor idx="4">isolated</governor>
            <dependent idx="3">was</dependent>
          </dep>
          <dep type="case">
            <governor idx="8">lesion</governor>
            <dependent idx="5">from</dependent>
          </dep>
          <dep type="det">
            <governor idx="8">lesion</governor>
            <dependent idx="6">a</dependent>
          </dep>
          <dep type="compound">
            <governor idx="8">lesion</governor>
            <dependent idx="7">skin</dependent>
          </dep>
          <dep type="nmod">
            <governor idx="4">isolated</governor>
            <dependent idx="8">lesion</dependent>
          </dep>
          <dep type="case">
            <governor idx="13">patient</governor>
            <dependent idx="9">from</dependent>
          </dep>
          <dep type="det">
            <governor idx="13">patient</governor>
            <dependent idx="10">a</dependent>
          </dep>
          <dep type="compound">
            <governor idx="13">patient</governor>
            <dependent idx="11">Lyme</dependent>
          </dep>
          <dep type="compound">
            <governor idx="13">patient</governor>
            <dependent idx="12">disease</dependent>
          </dep>
          <dep type="nmod">
            <governor idx="8">lesion</governor>
            <dependent idx="13">patient</dependent>
          </dep>
          <dep type="case">
            <governor idx="15">Europe</governor>
            <dependent idx="14">in</dependent>
          </dep>
          <dep type="nmod">
            <governor idx="13">patient</governor>
            <dependent idx="15">Europe</dependent>
          </dep>
          <dep type="case">
            <governor idx="17">1993</governor>
            <dependent idx="16">in</dependent>
          </dep>
          <dep type="nmod">
            <governor idx="4">isolated</governor>
            <dependent idx="17">1993</dependent>
          </dep>
          <dep type="punct">
            <governor idx="4">isolated</governor>
            <dependent idx="18">.</dependent>
          </dep>
        </dependencies>
        <dependencies type="collapsed-dependencies">
          <dep type="root">
            <governor idx="0">ROOT</governor>
            <dependent idx="4">isolated</dependent>
          </dep>
          <dep type="det">
            <governor idx="2">species</governor>
            <dependent idx="1">This</dependent>
          </dep>
          <dep type="nsubjpass">
            <governor idx="4">isolated</governor>
            <dependent idx="2">species</dependent>
          </dep>
          <dep type="auxpass">
            <governor idx="4">isolated</governor>
            <dependent idx="3">was</dependent>
          </dep>
          <dep type="case">
            <governor idx="8">lesion</governor>
            <dependent idx="5">from</dependent>
          </dep>
          <dep type="det">
            <governor idx="8">lesion</governor>
            <dependent idx="6">a</dependent>
          </dep>
          <dep type="compound">
            <governor idx="8">lesion</governor>
            <dependent idx="7">skin</dependent>
          </dep>
          <dep type="nmod:from">
            <governor idx="4">isolated</governor>
            <dependent idx="8">lesion</dependent>
          </dep>
          <dep type="case">
            <governor idx="13">patient</governor>
            <dependent idx="9">from</dependent>
          </dep>
          <dep type="det">
            <governor idx="13">patient</governor>
            <dependent idx="10">a</dependent>
          </dep>
          <dep type="compound">
            <governor idx="13">patient</governor>
            <dependent idx="11">Lyme</dependent>
          </dep>
          <dep type="compound">
            <governor idx="13">patient</governor>
            <dependent idx="12">disease</dependent>
          </dep>
          <dep type="nmod:from">
            <governor idx="8">lesion</governor>
            <dependent idx="13">patient</dependent>
          </dep>
          <dep type="case">
            <governor idx="15">Europe</governor>
            <dependent idx="14">in</dependent>
          </dep>
          <dep type="nmod:in">
            <governor idx="13">patient</governor>
            <dependent idx="15">Europe</dependent>
          </dep>
          <dep type="case">
            <governor idx="17">1993</governor>
            <dependent idx="16">in</dependent>
          </dep>
          <dep type="nmod:in">
            <governor idx="4">isolated</governor>
            <dependent idx="17">1993</dependent>
          </dep>
          <dep type="punct">
            <governor idx="4">isolated</governor>
            <dependent idx="18">.</dependent>
          </dep>
        </dependencies>
        <dependencies type="collapsed-ccprocessed-dependencies">
          <dep type="root">
            <governor idx="0">ROOT</governor>
            <dependent idx="4">isolated</dependent>
          </dep>
          <dep type="det">
            <governor idx="2">species</governor>
            <dependent idx="1">This</dependent>
          </dep>
          <dep type="nsubjpass">
            <governor idx="4">isolated</governor>
            <dependent idx="2">species</dependent>
          </dep>
          <dep type="auxpass">
            <governor idx="4">isolated</governor>
            <dependent idx="3">was</dependent>
          </dep>
          <dep type="case">
            <governor idx="8">lesion</governor>
            <dependent idx="5">from</dependent>
          </dep>
          <dep type="det">
            <governor idx="8">lesion</governor>
            <dependent idx="6">a</dependent>
          </dep>
          <dep type="compound">
            <governor idx="8">lesion</governor>
            <dependent idx="7">skin</dependent>
          </dep>
          <dep type="nmod:from">
            <governor idx="4">isolated</governor>
            <dependent idx="8">lesion</dependent>
          </dep>
          <dep type="case">
            <governor idx="13">patient</governor>
            <dependent idx="9">from</dependent>
          </dep>
          <dep type="det">
            <governor idx="13">patient</governor>
            <dependent idx="10">a</dependent>
          </dep>
          <dep type="compound">
            <governor idx="13">patient</governor>
            <dependent idx="11">Lyme</dependent>
          </dep>
          <dep type="compound">
            <governor idx="13">patient</governor>
            <dependent idx="12">disease</dependent>
          </dep>
          <dep type="nmod:from">
            <governor idx="8">lesion</governor>
            <dependent idx="13">patient</dependent>
          </dep>
          <dep type="case">
            <governor idx="15">Europe</governor>
            <dependent idx="14">in</dependent>
          </dep>
          <dep type="nmod:in">
            <governor idx="13">patient</governor>
            <dependent idx="15">Europe</dependent>
          </dep>
          <dep type="case">
            <governor idx="17">1993</governor>
            <dependent idx="16">in</dependent>
          </dep>
          <dep type="nmod:in">
            <governor idx="4">isolated</governor>
            <dependent idx="17">1993</dependent>
          </dep>
          <dep type="punct">
            <governor idx="4">isolated</governor>
            <dependent idx="18">.</dependent>
          </dep>
        </dependencies>
        <dependencies type="enhanced-dependencies">
          <dep type="root">
            <governor idx="0">ROOT</governor>
            <dependent idx="4">isolated</dependent>
          </dep>
          <dep type="det">
            <governor idx="2">species</governor>
            <dependent idx="1">This</dependent>
          </dep>
          <dep type="nsubjpass">
            <governor idx="4">isolated</governor>
            <dependent idx="2">species</dependent>
          </dep>
          <dep type="auxpass">
            <governor idx="4">isolated</governor>
            <dependent idx="3">was</dependent>
          </dep>
          <dep type="case">
            <governor idx="8">lesion</governor>
            <dependent idx="5">from</dependent>
          </dep>
          <dep type="det">
            <governor idx="8">lesion</governor>
            <dependent idx="6">a</dependent>
          </dep>
          <dep type="compound">
            <governor idx="8">lesion</governor>
            <dependent idx="7">skin</dependent>
          </dep>
          <dep type="nmod:from">
            <governor idx="4">isolated</governor>
            <dependent idx="8">lesion</dependent>
          </dep>
          <dep type="case">
            <governor idx="13">patient</governor>
            <dependent idx="9">from</dependent>
          </dep>
          <dep type="det">
            <governor idx="13">patient</governor>
            <dependent idx="10">a</dependent>
          </dep>
          <dep type="compound">
            <governor idx="13">patient</governor>
            <dependent idx="11">Lyme</dependent>
          </dep>
          <dep type="compound">
            <governor idx="13">patient</governor>
            <dependent idx="12">disease</dependent>
          </dep>
          <dep type="nmod:from">
            <governor idx="8">lesion</governor>
            <dependent idx="13">patient</dependent>
          </dep>
          <dep type="case">
            <governor idx="15">Europe</governor>
            <dependent idx="14">in</dependent>
          </dep>
          <dep type="nmod:in">
            <governor idx="13">patient</governor>
            <dependent idx="15">Europe</dependent>
          </dep>
          <dep type="case">
            <governor idx="17">1993</governor>
            <dependent idx="16">in</dependent>
          </dep>
          <dep type="nmod:in">
            <governor idx="4">isolated</governor>
            <dependent idx="17">1993</dependent>
          </dep>
          <dep type="punct">
            <governor idx="4">isolated</governor>
            <dependent idx="18">.</dependent>
          </dep>
        </dependencies>
        <dependencies type="enhanced-plus-plus-dependencies">
          <dep type="root">
            <governor idx="0">ROOT</governor>
            <dependent idx="4">isolated</dependent>
          </dep>
          <dep type="det">
            <governor idx="2">species</governor>
            <dependent idx="1">This</dependent>
          </dep>
          <dep type="nsubjpass">
            <governor idx="4">isolated</governor>
            <dependent idx="2">species</dependent>
          </dep>
          <dep type="auxpass">
            <governor idx="4">isolated</governor>
            <dependent idx="3">was</dependent>
          </dep>
          <dep type="case">
            <governor idx="8">lesion</governor>
            <dependent idx="5">from</dependent>
          </dep>
          <dep type="det">
            <governor idx="8">lesion</governor>
            <dependent idx="6">a</dependent>
          </dep>
          <dep type="compound">
            <governor idx="8">lesion</governor>
            <dependent idx="7">skin</dependent>
          </dep>
          <dep type="nmod:from">
            <governor idx="4">isolated</governor>
            <dependent idx="8">lesion</dependent>
          </dep>
          <dep type="case">
            <governor idx="13">patient</governor>
            <dependent idx="9">from</dependent>
          </dep>
          <dep type="det">
            <governor idx="13">patient</governor>
            <dependent idx="10">a</dependent>
          </dep>
          <dep type="compound">
            <governor idx="13">patient</governor>
            <dependent idx="11">Lyme</dependent>
          </dep>
          <dep type="compound">
            <governor idx="13">patient</governor>
            <dependent idx="12">disease</dependent>
          </dep>
          <dep type="nmod:from">
            <governor idx="8">lesion</governor>
            <dependent idx="13">patient</dependent>
          </dep>
          <dep type="case">
            <governor idx="15">Europe</governor>
            <dependent idx="14">in</dependent>
          </dep>
          <dep type="nmod:in">
            <governor idx="13">patient</governor>
            <dependent idx="15">Europe</dependent>
          </dep>
          <dep type="case">
            <governor idx="17">1993</governor>
            <dependent idx="16">in</dependent>
          </dep>
          <dep type="nmod:in">
            <governor idx="4">isolated</governor>
            <dependent idx="17">1993</dependent>
          </dep>
          <dep type="punct">
            <governor idx="4">isolated</governor>
            <dependent idx="18">.</dependent>
          </dep>
        </dependencies>
      </sentence>
      <sentence id="3">
        <tokens>
          <token id="1">
            <word>It</word>
            <lemma>it</lemma>
            <CharacterOffsetBegin>143</CharacterOffsetBegin>
            <CharacterOffsetEnd>145</CharacterOffsetEnd>
            <POS>PRP</POS>
            <NER>O</NER>
            <Speaker>PER0</Speaker>
          </token>
          <token id="2">
            <word>is</word>
            <lemma>be</lemma>
            <CharacterOffsetBegin>146</CharacterOffsetBegin>
            <CharacterOffsetEnd>148</CharacterOffsetEnd>
            <POS>VBZ</POS>
            <NER>O</NER>
            <Speaker>PER0</Speaker>
          </token>
          <token id="3">
            <word>a</word>
            <lemma>a</lemma>
            <CharacterOffsetBegin>149</CharacterOffsetBegin>
            <CharacterOffsetEnd>150</CharacterOffsetEnd>
            <POS>DT</POS>
            <NER>O</NER>
            <Speaker>PER0</Speaker>
          </token>
          <token id="4">
            <word>specific</word>
            <lemma>specific</lemma>
            <CharacterOffsetBegin>151</CharacterOffsetBegin>
            <CharacterOffsetEnd>159</CharacterOffsetEnd>
            <POS>JJ</POS>
            <NER>O</NER>
            <Speaker>PER0</Speaker>
          </token>
          <token id="5">
            <word>aetological</word>
            <lemma>aetological</lemma>
            <CharacterOffsetBegin>160</CharacterOffsetBegin>
            <CharacterOffsetEnd>171</CharacterOffsetEnd>
            <POS>JJ</POS>
            <NER>O</NER>
            <Speaker>PER0</Speaker>
          </token>
          <token id="6">
            <word>agent</word>
            <lemma>agent</lemma>
            <CharacterOffsetBegin>172</CharacterOffsetBegin>
            <CharacterOffsetEnd>177</CharacterOffsetEnd>
            <POS>NN</POS>
            <NER>O</NER>
            <Speaker>PER0</Speaker>
          </token>
          <token id="7">
            <word>of</word>
            <lemma>of</lemma>
            <CharacterOffsetBegin>178</CharacterOffsetBegin>
            <CharacterOffsetEnd>180</CharacterOffsetEnd>
            <POS>IN</POS>
            <NER>O</NER>
            <Speaker>PER0</Speaker>
          </token>
          <token id="8">
            <word>acrodermatitis</word>
            <lemma>acrodermatitis</lemma>
            <CharacterOffsetBegin>181</CharacterOffsetBegin>
            <CharacterOffsetEnd>195</CharacterOffsetEnd>
            <POS>NN</POS>
            <NER>O</NER>
            <Speaker>PER0</Speaker>
          </token>
          <token id="9">
            <word>chronica</word>
            <lemma>chronica</lemma>
            <CharacterOffsetBegin>196</CharacterOffsetBegin>
            <CharacterOffsetEnd>204</CharacterOffsetEnd>
            <POS>NN</POS>
            <NER>O</NER>
            <Speaker>PER0</Speaker>
          </token>
          <token id="10">
            <word>atrophicans</word>
            <lemma>atrophican</lemma>
            <CharacterOffsetBegin>205</CharacterOffsetBegin>
            <CharacterOffsetEnd>216</CharacterOffsetEnd>
            <POS>NNS</POS>
            <NER>O</NER>
            <Speaker>PER0</Speaker>
          </token>
          <token id="11">
            <word>-LRB-</word>
            <lemma>-lrb-</lemma>
            <CharacterOffsetBegin>217</CharacterOffsetBegin>
            <CharacterOffsetEnd>218</CharacterOffsetEnd>
            <POS>-LRB-</POS>
            <NER>O</NER>
            <Speaker>PER0</Speaker>
          </token>
          <token id="12">
            <word>ACA</word>
            <lemma>aca</lemma>
            <CharacterOffsetBegin>218</CharacterOffsetBegin>
            <CharacterOffsetEnd>221</CharacterOffsetEnd>
            <POS>NN</POS>
            <NER>O</NER>
            <Speaker>PER0</Speaker>
          </token>
          <token id="13">
            <word>-RRB-</word>
            <lemma>-rrb-</lemma>
            <CharacterOffsetBegin>221</CharacterOffsetBegin>
            <CharacterOffsetEnd>222</CharacterOffsetEnd>
            <POS>-RRB-</POS>
            <NER>O</NER>
            <Speaker>PER0</Speaker>
          </token>
          <token id="14">
            <word>.</word>
            <lemma>.</lemma>
            <CharacterOffsetBegin>222</CharacterOffsetBegin>
            <CharacterOffsetEnd>223</CharacterOffsetEnd>
            <POS>.</POS>
            <NER>O</NER>
            <Speaker>PER0</Speaker>
          </token>
        </tokens>
        <dependencies type="basic-dependencies">
          <dep type="root">
            <governor idx="0">ROOT</governor>
            <dependent idx="6">agent</dependent>
          </dep>
          <dep type="nsubj">
            <governor idx="6">agent</governor>
            <dependent idx="1">It</dependent>
          </dep>
          <dep type="cop">
            <governor idx="6">agent</governor>
            <dependent idx="2">is</dependent>
          </dep>
          <dep type="det">
            <governor idx="6">agent</governor>
            <dependent idx="3">a</dependent>
          </dep>
          <dep type="amod">
            <governor idx="6">agent</governor>
            <dependent idx="4">specific</dependent>
          </dep>
          <dep type="amod">
            <governor idx="6">agent</governor>
            <dependent idx="5">aetological</dependent>
          </dep>
          <dep type="case">
            <governor idx="10">atrophicans</governor>
            <dependent idx="7">of</dependent>
          </dep>
          <dep type="compound">
            <governor idx="10">atrophicans</governor>
            <dependent idx="8">acrodermatitis</dependent>
          </dep>
          <dep type="compound">
            <governor idx="10">atrophicans</governor>
            <dependent idx="9">chronica</dependent>
          </dep>
          <dep type="nmod">
            <governor idx="6">agent</governor>
            <dependent idx="10">atrophicans</dependent>
          </dep>
          <dep type="punct">
            <governor idx="12">ACA</governor>
            <dependent idx="11">-LRB-</dependent>
          </dep>
          <dep type="appos">
            <governor idx="10">atrophicans</governor>
            <dependent idx="12">ACA</dependent>
          </dep>
          <dep type="punct">
            <governor idx="12">ACA</governor>
            <dependent idx="13">-RRB-</dependent>
          </dep>
          <dep type="punct">
            <governor idx="6">agent</governor>
            <dependent idx="14">.</dependent>
          </dep>
        </dependencies>
        <dependencies type="collapsed-dependencies">
          <dep type="root">
            <governor idx="0">ROOT</governor>
            <dependent idx="6">agent</dependent>
          </dep>
          <dep type="nsubj">
            <governor idx="6">agent</governor>
            <dependent idx="1">It</dependent>
          </dep>
          <dep type="cop">
            <governor idx="6">agent</governor>
            <dependent idx="2">is</dependent>
          </dep>
          <dep type="det">
            <governor idx="6">agent</governor>
            <dependent idx="3">a</dependent>
          </dep>
          <dep type="amod">
            <governor idx="6">agent</governor>
            <dependent idx="4">specific</dependent>
          </dep>
          <dep type="amod">
            <governor idx="6">agent</governor>
            <dependent idx="5">aetological</dependent>
          </dep>
          <dep type="case">
            <governor idx="10">atrophicans</governor>
            <dependent idx="7">of</dependent>
          </dep>
          <dep type="compound">
            <governor idx="10">atrophicans</governor>
            <dependent idx="8">acrodermatitis</dependent>
          </dep>
          <dep type="compound">
            <governor idx="10">atrophicans</governor>
            <dependent idx="9">chronica</dependent>
          </dep>
          <dep type="nmod:of">
            <governor idx="6">agent</governor>
            <dependent idx="10">atrophicans</dependent>
          </dep>
          <dep type="punct">
            <governor idx="12">ACA</governor>
            <dependent idx="11">-LRB-</dependent>
          </dep>
          <dep type="appos">
            <governor idx="10">atrophicans</governor>
            <dependent idx="12">ACA</dependent>
          </dep>
          <dep type="punct">
            <governor idx="12">ACA</governor>
            <dependent idx="13">-RRB-</dependent>
          </dep>
          <dep type="punct">
            <governor idx="6">agent</governor>
            <dependent idx="14">.</dependent>
          </dep>
        </dependencies>
        <dependencies type="collapsed-ccprocessed-dependencies">
          <dep type="root">
            <governor idx="0">ROOT</governor>
            <dependent idx="6">agent</dependent>
          </dep>
          <dep type="nsubj">
            <governor idx="6">agent</governor>
            <dependent idx="1">It</dependent>
          </dep>
          <dep type="cop">
            <governor idx="6">agent</governor>
            <dependent idx="2">is</dependent>
          </dep>
          <dep type="det">
            <governor idx="6">agent</governor>
            <dependent idx="3">a</dependent>
          </dep>
          <dep type="amod">
            <governor idx="6">agent</governor>
            <dependent idx="4">specific</dependent>
          </dep>
          <dep type="amod">
            <governor idx="6">agent</governor>
            <dependent idx="5">aetological</dependent>
          </dep>
          <dep type="case">
            <governor idx="10">atrophicans</governor>
            <dependent idx="7">of</dependent>
          </dep>
          <dep type="compound">
            <governor idx="10">atrophicans</governor>
            <dependent idx="8">acrodermatitis</dependent>
          </dep>
          <dep type="compound">
            <governor idx="10">atrophicans</governor>
            <dependent idx="9">chronica</dependent>
          </dep>
          <dep type="nmod:of">
            <governor idx="6">agent</governor>
            <dependent idx="10">atrophicans</dependent>
          </dep>
          <dep type="punct">
            <governor idx="12">ACA</governor>
            <dependent idx="11">-LRB-</dependent>
          </dep>
          <dep type="appos">
            <governor idx="10">atrophicans</governor>
            <dependent idx="12">ACA</dependent>
          </dep>
          <dep type="punct">
            <governor idx="12">ACA</governor>
            <dependent idx="13">-RRB-</dependent>
          </dep>
          <dep type="punct">
            <governor idx="6">agent</governor>
            <dependent idx="14">.</dependent>
          </dep>
        </dependencies>
        <dependencies type="enhanced-dependencies">
          <dep type="root">
            <governor idx="0">ROOT</governor>
            <dependent idx="6">agent</dependent>
          </dep>
          <dep type="nsubj">
            <governor idx="6">agent</governor>
            <dependent idx="1">It</dependent>
          </dep>
          <dep type="cop">
            <governor idx="6">agent</governor>
            <dependent idx="2">is</dependent>
          </dep>
          <dep type="det">
            <governor idx="6">agent</governor>
            <dependent idx="3">a</dependent>
          </dep>
          <dep type="amod">
            <governor idx="6">agent</governor>
            <dependent idx="4">specific</dependent>
          </dep>
          <dep type="amod">
            <governor idx="6">agent</governor>
            <dependent idx="5">aetological</dependent>
          </dep>
          <dep type="case">
            <governor idx="10">atrophicans</governor>
            <dependent idx="7">of</dependent>
          </dep>
          <dep type="compound">
            <governor idx="10">atrophicans</governor>
            <dependent idx="8">acrodermatitis</dependent>
          </dep>
          <dep type="compound">
            <governor idx="10">atrophicans</governor>
            <dependent idx="9">chronica</dependent>
          </dep>
          <dep type="nmod:of">
            <governor idx="6">agent</governor>
            <dependent idx="10">atrophicans</dependent>
          </dep>
          <dep type="punct">
            <governor idx="12">ACA</governor>
            <dependent idx="11">-LRB-</dependent>
          </dep>
          <dep type="appos">
            <governor idx="10">atrophicans</governor>
            <dependent idx="12">ACA</dependent>
          </dep>
          <dep type="punct">
            <governor idx="12">ACA</governor>
            <dependent idx="13">-RRB-</dependent>
          </dep>
          <dep type="punct">
            <governor idx="6">agent</governor>
            <dependent idx="14">.</dependent>
          </dep>
        </dependencies>
        <dependencies type="enhanced-plus-plus-dependencies">
          <dep type="root">
            <governor idx="0">ROOT</governor>
            <dependent idx="6">agent</dependent>
          </dep>
          <dep type="nsubj">
            <governor idx="6">agent</governor>
            <dependent idx="1">It</dependent>
          </dep>
          <dep type="cop">
            <governor idx="6">agent</governor>
            <dependent idx="2">is</dependent>
          </dep>
          <dep type="det">
            <governor idx="6">agent</governor>
            <dependent idx="3">a</dependent>
          </dep>
          <dep type="amod">
            <governor idx="6">agent</governor>
            <dependent idx="4">specific</dependent>
          </dep>
          <dep type="amod">
            <governor idx="6">agent</governor>
            <dependent idx="5">aetological</dependent>
          </dep>
          <dep type="case">
            <governor idx="10">atrophicans</governor>
            <dependent idx="7">of</dependent>
          </dep>
          <dep type="compound">
            <governor idx="10">atrophicans</governor>
            <dependent idx="8">acrodermatitis</dependent>
          </dep>
          <dep type="compound">
            <governor idx="10">atrophicans</governor>
            <dependent idx="9">chronica</dependent>
          </dep>
          <dep type="nmod:of">
            <governor idx="6">agent</governor>
            <dependent idx="10">atrophicans</dependent>
          </dep>
          <dep type="punct">
            <governor idx="12">ACA</governor>
            <dependent idx="11">-LRB-</dependent>
          </dep>
          <dep type="appos">
            <governor idx="10">atrophicans</governor>
            <dependent idx="12">ACA</dependent>
          </dep>
          <dep type="punct">
            <governor idx="12">ACA</governor>
            <dependent idx="13">-RRB-</dependent>
          </dep>
          <dep type="punct">
            <governor idx="6">agent</governor>
            <dependent idx="14">.</dependent>
          </dep>
        </dependencies>
      </sentence>
      <sentence id="4">
        <tokens>
          <token id="1">
            <word>This</word>
            <lemma>this</lemma>
            <CharacterOffsetBegin>224</CharacterOffsetBegin>
            <CharacterOffsetEnd>228</CharacterOffsetEnd>
            <POS>DT</POS>
            <NER>O</NER>
            <Speaker>PER0</Speaker>
          </token>
          <token id="2">
            <word>organism</word>
            <lemma>organism</lemma>
            <CharacterOffsetBegin>229</CharacterOffsetBegin>
            <CharacterOffsetEnd>237</CharacterOffsetEnd>
            <POS>NN</POS>
            <NER>O</NER>
            <Speaker>PER0</Speaker>
          </token>
          <token id="3">
            <word>can</word>
            <lemma>can</lemma>
            <CharacterOffsetBegin>238</CharacterOffsetBegin>
            <CharacterOffsetEnd>241</CharacterOffsetEnd>
            <POS>MD</POS>
            <NER>O</NER>
            <Speaker>PER0</Speaker>
          </token>
          <token id="4">
            <word>be</word>
            <lemma>be</lemma>
            <CharacterOffsetBegin>242</CharacterOffsetBegin>
            <CharacterOffsetEnd>244</CharacterOffsetEnd>
            <POS>VB</POS>
            <NER>O</NER>
            <Speaker>PER0</Speaker>
          </token>
          <token id="5">
            <word>differentiated</word>
            <lemma>differentiate</lemma>
            <CharacterOffsetBegin>245</CharacterOffsetBegin>
            <CharacterOffsetEnd>259</CharacterOffsetEnd>
            <POS>VBN</POS>
            <NER>O</NER>
            <Speaker>PER0</Speaker>
          </token>
          <token id="6">
            <word>from</word>
            <lemma>from</lemma>
            <CharacterOffsetBegin>260</CharacterOffsetBegin>
            <CharacterOffsetEnd>264</CharacterOffsetEnd>
            <POS>IN</POS>
            <NER>O</NER>
            <Speaker>PER0</Speaker>
          </token>
          <token id="7">
            <word>other</word>
            <lemma>other</lemma>
            <CharacterOffsetBegin>265</CharacterOffsetBegin>
            <CharacterOffsetEnd>270</CharacterOffsetEnd>
            <POS>JJ</POS>
            <NER>O</NER>
            <Speaker>PER0</Speaker>
          </token>
          <token id="8">
            <word>Borrelia</word>
            <lemma>borrelia</lemma>
            <CharacterOffsetBegin>271</CharacterOffsetBegin>
            <CharacterOffsetEnd>279</CharacterOffsetEnd>
            <POS>FW</POS>
            <NER>O</NER>
            <Speaker>PER0</Speaker>
          </token>
          <token id="9">
            <word>species</word>
            <lemma>species</lemma>
            <CharacterOffsetBegin>280</CharacterOffsetBegin>
            <CharacterOffsetEnd>287</CharacterOffsetEnd>
            <POS>NNS</POS>
            <NER>O</NER>
            <Speaker>PER0</Speaker>
          </token>
          <token id="10">
            <word>by</word>
            <lemma>by</lemma>
            <CharacterOffsetBegin>288</CharacterOffsetBegin>
            <CharacterOffsetEnd>290</CharacterOffsetEnd>
            <POS>IN</POS>
            <NER>O</NER>
            <Speaker>PER0</Speaker>
          </token>
          <token id="11">
            <word>monoclonal</word>
            <lemma>monoclonal</lemma>
            <CharacterOffsetBegin>291</CharacterOffsetBegin>
            <CharacterOffsetEnd>301</CharacterOffsetEnd>
            <POS>JJ</POS>
            <NER>O</NER>
            <Speaker>PER0</Speaker>
          </token>
          <token id="12">
            <word>antibody</word>
            <lemma>antibody</lemma>
            <CharacterOffsetBegin>302</CharacterOffsetBegin>
            <CharacterOffsetEnd>310</CharacterOffsetEnd>
            <POS>NN</POS>
            <NER>O</NER>
            <Speaker>PER0</Speaker>
          </token>
          <token id="13">
            <word>hybridization</word>
            <lemma>hybridization</lemma>
            <CharacterOffsetBegin>311</CharacterOffsetBegin>
            <CharacterOffsetEnd>324</CharacterOffsetEnd>
            <POS>NN</POS>
            <NER>O</NER>
            <Speaker>PER0</Speaker>
          </token>
          <token id="14">
            <word>.</word>
            <lemma>.</lemma>
            <CharacterOffsetBegin>324</CharacterOffsetBegin>
            <CharacterOffsetEnd>325</CharacterOffsetEnd>
            <POS>.</POS>
            <NER>O</NER>
            <Speaker>PER0</Speaker>
          </token>
        </tokens>
        <dependencies type="basic-dependencies">
          <dep type="root">
            <governor idx="0">ROOT</governor>
            <dependent idx="5">differentiated</dependent>
          </dep>
          <dep type="det">
            <governor idx="2">organism</governor>
            <dependent idx="1">This</dependent>
          </dep>
          <dep type="nsubjpass">
            <governor idx="5">differentiated</governor>
            <dependent idx="2">organism</dependent>
          </dep>
          <dep type="aux">
            <governor idx="5">differentiated</governor>
            <dependent idx="3">can</dependent>
          </dep>
          <dep type="auxpass">
            <governor idx="5">differentiated</governor>
            <dependent idx="4">be</dependent>
          </dep>
          <dep type="case">
            <governor idx="9">species</governor>
            <dependent idx="6">from</dependent>
          </dep>
          <dep type="amod">
            <governor idx="9">species</governor>
            <dependent idx="7">other</dependent>
          </dep>
          <dep type="compound">
            <governor idx="9">species</governor>
            <dependent idx="8">Borrelia</dependent>
          </dep>
          <dep type="nmod">
            <governor idx="5">differentiated</governor>
            <dependent idx="9">species</dependent>
          </dep>
          <dep type="case">
            <governor idx="13">hybridization</governor>
            <dependent idx="10">by</dependent>
          </dep>
          <dep type="amod">
            <governor idx="13">hybridization</governor>
            <dependent idx="11">monoclonal</dependent>
          </dep>
          <dep type="compound">
            <governor idx="13">hybridization</governor>
            <dependent idx="12">antibody</dependent>
          </dep>
          <dep type="nmod">
            <governor idx="5">differentiated</governor>
            <dependent idx="13">hybridization</dependent>
          </dep>
          <dep type="punct">
            <governor idx="5">differentiated</governor>
            <dependent idx="14">.</dependent>
          </dep>
        </dependencies>
        <dependencies type="collapsed-dependencies">
          <dep type="root">
            <governor idx="0">ROOT</governor>
            <dependent idx="5">differentiated</dependent>
          </dep>
          <dep type="det">
            <governor idx="2">organism</governor>
            <dependent idx="1">This</dependent>
          </dep>
          <dep type="nsubjpass">
            <governor idx="5">differentiated</governor>
            <dependent idx="2">organism</dependent>
          </dep>
          <dep type="aux">
            <governor idx="5">differentiated</governor>
            <dependent idx="3">can</dependent>
          </dep>
          <dep type="auxpass">
            <governor idx="5">differentiated</governor>
            <dependent idx="4">be</dependent>
          </dep>
          <dep type="case">
            <governor idx="9">species</governor>
            <dependent idx="6">from</dependent>
          </dep>
          <dep type="amod">
            <governor idx="9">species</governor>
            <dependent idx="7">other</dependent>
          </dep>
          <dep type="compound">
            <governor idx="9">species</governor>
            <dependent idx="8">Borrelia</dependent>
          </dep>
          <dep type="nmod:from">
            <governor idx="5">differentiated</governor>
            <dependent idx="9">species</dependent>
          </dep>
          <dep type="case">
            <governor idx="13">hybridization</governor>
            <dependent idx="10">by</dependent>
          </dep>
          <dep type="amod">
            <governor idx="13">hybridization</governor>
            <dependent idx="11">monoclonal</dependent>
          </dep>
          <dep type="compound">
            <governor idx="13">hybridization</governor>
            <dependent idx="12">antibody</dependent>
          </dep>
          <dep type="nmod:agent">
            <governor idx="5">differentiated</governor>
            <dependent idx="13">hybridization</dependent>
          </dep>
          <dep type="punct">
            <governor idx="5">differentiated</governor>
            <dependent idx="14">.</dependent>
          </dep>
        </dependencies>
        <dependencies type="collapsed-ccprocessed-dependencies">
          <dep type="root">
            <governor idx="0">ROOT</governor>
            <dependent idx="5">differentiated</dependent>
          </dep>
          <dep type="det">
            <governor idx="2">organism</governor>
            <dependent idx="1">This</dependent>
          </dep>
          <dep type="nsubjpass">
            <governor idx="5">differentiated</governor>
            <dependent idx="2">organism</dependent>
          </dep>
          <dep type="aux">
            <governor idx="5">differentiated</governor>
            <dependent idx="3">can</dependent>
          </dep>
          <dep type="auxpass">
            <governor idx="5">differentiated</governor>
            <dependent idx="4">be</dependent>
          </dep>
          <dep type="case">
            <governor idx="9">species</governor>
            <dependent idx="6">from</dependent>
          </dep>
          <dep type="amod">
            <governor idx="9">species</governor>
            <dependent idx="7">other</dependent>
          </dep>
          <dep type="compound">
            <governor idx="9">species</governor>
            <dependent idx="8">Borrelia</dependent>
          </dep>
          <dep type="nmod:from">
            <governor idx="5">differentiated</governor>
            <dependent idx="9">species</dependent>
          </dep>
          <dep type="case">
            <governor idx="13">hybridization</governor>
            <dependent idx="10">by</dependent>
          </dep>
          <dep type="amod">
            <governor idx="13">hybridization</governor>
            <dependent idx="11">monoclonal</dependent>
          </dep>
          <dep type="compound">
            <governor idx="13">hybridization</governor>
            <dependent idx="12">antibody</dependent>
          </dep>
          <dep type="nmod:agent">
            <governor idx="5">differentiated</governor>
            <dependent idx="13">hybridization</dependent>
          </dep>
          <dep type="punct">
            <governor idx="5">differentiated</governor>
            <dependent idx="14">.</dependent>
          </dep>
        </dependencies>
        <dependencies type="enhanced-dependencies">
          <dep type="root">
            <governor idx="0">ROOT</governor>
            <dependent idx="5">differentiated</dependent>
          </dep>
          <dep type="det">
            <governor idx="2">organism</governor>
            <dependent idx="1">This</dependent>
          </dep>
          <dep type="nsubjpass">
            <governor idx="5">differentiated</governor>
            <dependent idx="2">organism</dependent>
          </dep>
          <dep type="aux">
            <governor idx="5">differentiated</governor>
            <dependent idx="3">can</dependent>
          </dep>
          <dep type="auxpass">
            <governor idx="5">differentiated</governor>
            <dependent idx="4">be</dependent>
          </dep>
          <dep type="case">
            <governor idx="9">species</governor>
            <dependent idx="6">from</dependent>
          </dep>
          <dep type="amod">
            <governor idx="9">species</governor>
            <dependent idx="7">other</dependent>
          </dep>
          <dep type="compound">
            <governor idx="9">species</governor>
            <dependent idx="8">Borrelia</dependent>
          </dep>
          <dep type="nmod:from">
            <governor idx="5">differentiated</governor>
            <dependent idx="9">species</dependent>
          </dep>
          <dep type="case">
            <governor idx="13">hybridization</governor>
            <dependent idx="10">by</dependent>
          </dep>
          <dep type="amod">
            <governor idx="13">hybridization</governor>
            <dependent idx="11">monoclonal</dependent>
          </dep>
          <dep type="compound">
            <governor idx="13">hybridization</governor>
            <dependent idx="12">antibody</dependent>
          </dep>
          <dep type="nmod:agent">
            <governor idx="5">differentiated</governor>
            <dependent idx="13">hybridization</dependent>
          </dep>
          <dep type="punct">
            <governor idx="5">differentiated</governor>
            <dependent idx="14">.</dependent>
          </dep>
        </dependencies>
        <dependencies type="enhanced-plus-plus-dependencies">
          <dep type="root">
            <governor idx="0">ROOT</governor>
            <dependent idx="5">differentiated</dependent>
          </dep>
          <dep type="det">
            <governor idx="2">organism</governor>
            <dependent idx="1">This</dependent>
          </dep>
          <dep type="nsubjpass">
            <governor idx="5">differentiated</governor>
            <dependent idx="2">organism</dependent>
          </dep>
          <dep type="aux">
            <governor idx="5">differentiated</governor>
            <dependent idx="3">can</dependent>
          </dep>
          <dep type="auxpass">
            <governor idx="5">differentiated</governor>
            <dependent idx="4">be</dependent>
          </dep>
          <dep type="case">
            <governor idx="9">species</governor>
            <dependent idx="6">from</dependent>
          </dep>
          <dep type="amod">
            <governor idx="9">species</governor>
            <dependent idx="7">other</dependent>
          </dep>
          <dep type="compound">
            <governor idx="9">species</governor>
            <dependent idx="8">Borrelia</dependent>
          </dep>
          <dep type="nmod:from">
            <governor idx="5">differentiated</governor>
            <dependent idx="9">species</dependent>
          </dep>
          <dep type="case">
            <governor idx="13">hybridization</governor>
            <dependent idx="10">by</dependent>
          </dep>
          <dep type="amod">
            <governor idx="13">hybridization</governor>
            <dependent idx="11">monoclonal</dependent>
          </dep>
          <dep type="compound">
            <governor idx="13">hybridization</governor>
            <dependent idx="12">antibody</dependent>
          </dep>
          <dep type="nmod:agent">
            <governor idx="5">differentiated</governor>
            <dependent idx="13">hybridization</dependent>
          </dep>
          <dep type="punct">
            <governor idx="5">differentiated</governor>
            <dependent idx="14">.</dependent>
          </dep>
        </dependencies>
      </sentence>
    </sentences>
    <coreference>
      <coreference>
        <mention representative="true">
          <sentence>2</sentence>
          <start>1</start>
          <end>3</end>
          <head>2</head>
          <text>This species</text>
        </mention>
        <mention>
          <sentence>3</sentence>
          <start>1</start>
          <end>2</end>
          <head>1</head>
          <text>It</text>
        </mention>
        <mention>
          <sentence>4</sentence>
          <start>1</start>
          <end>3</end>
          <head>2</head>
          <text>This organism</text>
        </mention>
      </coreference>
    </coreference>
  </document>
</root>
