<?xml version="1.0" encoding="UTF-8"?>
<?xml-stylesheet href="CoreNLP-to-HTML.xsl" type="text/xsl"?>
<root>
  <document>
    <docId>BTID-60596.txt</docId>
    <sentences>
      <sentence id="1">
        <tokens>
          <token id="1">
            <word>Spirillum</word>
            <lemma>Spirillum</lemma>
            <CharacterOffsetBegin>0</CharacterOffsetBegin>
            <CharacterOffsetEnd>9</CharacterOffsetEnd>
            <POS>NNP</POS>
            <NER>O</NER>
            <Speaker>PER0</Speaker>
          </token>
          <token id="2">
            <word>Description</word>
            <lemma>description</lemma>
            <CharacterOffsetBegin>10</CharacterOffsetBegin>
            <CharacterOffsetEnd>21</CharacterOffsetEnd>
            <POS>NN</POS>
            <NER>O</NER>
            <Speaker>PER0</Speaker>
          </token>
          <token id="3">
            <word>and</word>
            <lemma>and</lemma>
            <CharacterOffsetBegin>22</CharacterOffsetBegin>
            <CharacterOffsetEnd>25</CharacterOffsetEnd>
            <POS>CC</POS>
            <NER>O</NER>
            <Speaker>PER0</Speaker>
          </token>
          <token id="4">
            <word>Significance</word>
            <lemma>significance</lemma>
            <CharacterOffsetBegin>26</CharacterOffsetBegin>
            <CharacterOffsetEnd>38</CharacterOffsetEnd>
            <POS>NN</POS>
            <NER>O</NER>
            <Speaker>PER0</Speaker>
          </token>
          <token id="5">
            <word>Spirillum</word>
            <lemma>spirillum</lemma>
            <CharacterOffsetBegin>39</CharacterOffsetBegin>
            <CharacterOffsetEnd>48</CharacterOffsetEnd>
            <POS>NN</POS>
            <NER>O</NER>
            <Speaker>PER0</Speaker>
          </token>
          <token id="6">
            <word>bacteria</word>
            <lemma>bacterium</lemma>
            <CharacterOffsetBegin>49</CharacterOffsetBegin>
            <CharacterOffsetEnd>57</CharacterOffsetEnd>
            <POS>NNS</POS>
            <NER>O</NER>
            <Speaker>PER0</Speaker>
          </token>
          <token id="7">
            <word>are</word>
            <lemma>be</lemma>
            <CharacterOffsetBegin>58</CharacterOffsetBegin>
            <CharacterOffsetEnd>61</CharacterOffsetEnd>
            <POS>VBP</POS>
            <NER>O</NER>
            <Speaker>PER0</Speaker>
          </token>
          <token id="8">
            <word>thought</word>
            <lemma>think</lemma>
            <CharacterOffsetBegin>62</CharacterOffsetBegin>
            <CharacterOffsetEnd>69</CharacterOffsetEnd>
            <POS>VBN</POS>
            <NER>O</NER>
            <Speaker>PER0</Speaker>
          </token>
          <token id="9">
            <word>to</word>
            <lemma>to</lemma>
            <CharacterOffsetBegin>70</CharacterOffsetBegin>
            <CharacterOffsetEnd>72</CharacterOffsetEnd>
            <POS>TO</POS>
            <NER>O</NER>
            <Speaker>PER0</Speaker>
          </token>
          <token id="10">
            <word>have</word>
            <lemma>have</lemma>
            <CharacterOffsetBegin>73</CharacterOffsetBegin>
            <CharacterOffsetEnd>77</CharacterOffsetEnd>
            <POS>VB</POS>
            <NER>O</NER>
            <Speaker>PER0</Speaker>
          </token>
          <token id="11">
            <word>been</word>
            <lemma>be</lemma>
            <CharacterOffsetBegin>78</CharacterOffsetBegin>
            <CharacterOffsetEnd>82</CharacterOffsetEnd>
            <POS>VBN</POS>
            <NER>O</NER>
            <Speaker>PER0</Speaker>
          </token>
          <token id="12">
            <word>first</word>
            <lemma>first</lemma>
            <CharacterOffsetBegin>83</CharacterOffsetBegin>
            <CharacterOffsetEnd>88</CharacterOffsetEnd>
            <POS>JJ</POS>
            <NER>ORDINAL</NER>
            <NormalizedNER>1.0</NormalizedNER>
            <Speaker>PER0</Speaker>
          </token>
          <token id="13">
            <word>described</word>
            <lemma>describe</lemma>
            <CharacterOffsetBegin>89</CharacterOffsetBegin>
            <CharacterOffsetEnd>98</CharacterOffsetEnd>
            <POS>VBN</POS>
            <NER>O</NER>
            <Speaker>PER0</Speaker>
          </token>
          <token id="14">
            <word>by</word>
            <lemma>by</lemma>
            <CharacterOffsetBegin>99</CharacterOffsetBegin>
            <CharacterOffsetEnd>101</CharacterOffsetEnd>
            <POS>IN</POS>
            <NER>O</NER>
            <Speaker>PER0</Speaker>
          </token>
          <token id="15">
            <word>van</word>
            <lemma>van</lemma>
            <CharacterOffsetBegin>102</CharacterOffsetBegin>
            <CharacterOffsetEnd>105</CharacterOffsetEnd>
            <POS>NN</POS>
            <NER>O</NER>
            <Speaker>PER0</Speaker>
          </token>
          <token id="16">
            <word>Leeuwenhoek</word>
            <lemma>Leeuwenhoek</lemma>
            <CharacterOffsetBegin>106</CharacterOffsetBegin>
            <CharacterOffsetEnd>117</CharacterOffsetEnd>
            <POS>NNP</POS>
            <NER>PERSON</NER>
            <Speaker>PER0</Speaker>
          </token>
          <token id="17">
            <word>in</word>
            <lemma>in</lemma>
            <CharacterOffsetBegin>118</CharacterOffsetBegin>
            <CharacterOffsetEnd>120</CharacterOffsetEnd>
            <POS>IN</POS>
            <NER>O</NER>
            <Speaker>PER0</Speaker>
          </token>
          <token id="18">
            <word>the</word>
            <lemma>the</lemma>
            <CharacterOffsetBegin>121</CharacterOffsetBegin>
            <CharacterOffsetEnd>124</CharacterOffsetEnd>
            <POS>DT</POS>
            <NER>DATE</NER>
            <NormalizedNER>167X</NormalizedNER>
            <Speaker>PER0</Speaker>
            <Timex tid="t1" type="DATE">167X</Timex>
          </token>
          <token id="19">
            <word>1670s</word>
            <lemma>1670</lemma>
            <CharacterOffsetBegin>125</CharacterOffsetBegin>
            <CharacterOffsetEnd>130</CharacterOffsetEnd>
            <POS>NNS</POS>
            <NER>DATE</NER>
            <NormalizedNER>167X</NormalizedNER>
            <Speaker>PER0</Speaker>
            <Timex tid="t1" type="DATE">167X</Timex>
          </token>
          <token id="20">
            <word>and</word>
            <lemma>and</lemma>
            <CharacterOffsetBegin>131</CharacterOffsetBegin>
            <CharacterOffsetEnd>134</CharacterOffsetEnd>
            <POS>CC</POS>
            <NER>O</NER>
            <Speaker>PER0</Speaker>
          </token>
          <token id="21">
            <word>later</word>
            <lemma>later</lemma>
            <CharacterOffsetBegin>135</CharacterOffsetBegin>
            <CharacterOffsetEnd>140</CharacterOffsetEnd>
            <POS>RB</POS>
            <NER>O</NER>
            <Speaker>PER0</Speaker>
          </token>
          <token id="22">
            <word>by</word>
            <lemma>by</lemma>
            <CharacterOffsetBegin>141</CharacterOffsetBegin>
            <CharacterOffsetEnd>143</CharacterOffsetEnd>
            <POS>IN</POS>
            <NER>O</NER>
            <Speaker>PER0</Speaker>
          </token>
          <token id="23">
            <word>Muller</word>
            <lemma>Muller</lemma>
            <CharacterOffsetBegin>144</CharacterOffsetBegin>
            <CharacterOffsetEnd>150</CharacterOffsetEnd>
            <POS>NNP</POS>
            <NER>PERSON</NER>
            <Speaker>PER0</Speaker>
          </token>
          <token id="24">
            <word>.</word>
            <lemma>.</lemma>
            <CharacterOffsetBegin>150</CharacterOffsetBegin>
            <CharacterOffsetEnd>151</CharacterOffsetEnd>
            <POS>.</POS>
            <NER>O</NER>
            <Speaker>PER0</Speaker>
          </token>
        </tokens>
        <dependencies type="basic-dependencies">
          <dep type="root">
            <governor idx="0">ROOT</governor>
            <dependent idx="8">thought</dependent>
          </dep>
          <dep type="compound">
            <governor idx="2">Description</governor>
            <dependent idx="1">Spirillum</dependent>
          </dep>
          <dep type="nsubjpass">
            <governor idx="8">thought</governor>
            <dependent idx="2">Description</dependent>
          </dep>
          <dep type="cc">
            <governor idx="2">Description</governor>
            <dependent idx="3">and</dependent>
          </dep>
          <dep type="compound">
            <governor idx="6">bacteria</governor>
            <dependent idx="4">Significance</dependent>
          </dep>
          <dep type="compound">
            <governor idx="6">bacteria</governor>
            <dependent idx="5">Spirillum</dependent>
          </dep>
          <dep type="conj">
            <governor idx="2">Description</governor>
            <dependent idx="6">bacteria</dependent>
          </dep>
          <dep type="auxpass">
            <governor idx="8">thought</governor>
            <dependent idx="7">are</dependent>
          </dep>
          <dep type="mark">
            <governor idx="13">described</governor>
            <dependent idx="9">to</dependent>
          </dep>
          <dep type="aux">
            <governor idx="13">described</governor>
            <dependent idx="10">have</dependent>
          </dep>
          <dep type="auxpass">
            <governor idx="13">described</governor>
            <dependent idx="11">been</dependent>
          </dep>
          <dep type="advmod">
            <governor idx="13">described</governor>
            <dependent idx="12">first</dependent>
          </dep>
          <dep type="xcomp">
            <governor idx="8">thought</governor>
            <dependent idx="13">described</dependent>
          </dep>
          <dep type="case">
            <governor idx="16">Leeuwenhoek</governor>
            <dependent idx="14">by</dependent>
          </dep>
          <dep type="compound">
            <governor idx="16">Leeuwenhoek</governor>
            <dependent idx="15">van</dependent>
          </dep>
          <dep type="nmod">
            <governor idx="13">described</governor>
            <dependent idx="16">Leeuwenhoek</dependent>
          </dep>
          <dep type="case">
            <governor idx="19">1670s</governor>
            <dependent idx="17">in</dependent>
          </dep>
          <dep type="det">
            <governor idx="19">1670s</governor>
            <dependent idx="18">the</dependent>
          </dep>
          <dep type="nmod">
            <governor idx="13">described</governor>
            <dependent idx="19">1670s</dependent>
          </dep>
          <dep type="cc">
            <governor idx="19">1670s</governor>
            <dependent idx="20">and</dependent>
          </dep>
          <dep type="advmod">
            <governor idx="23">Muller</governor>
            <dependent idx="21">later</dependent>
          </dep>
          <dep type="case">
            <governor idx="23">Muller</governor>
            <dependent idx="22">by</dependent>
          </dep>
          <dep type="conj">
            <governor idx="19">1670s</governor>
            <dependent idx="23">Muller</dependent>
          </dep>
          <dep type="punct">
            <governor idx="8">thought</governor>
            <dependent idx="24">.</dependent>
          </dep>
        </dependencies>
        <dependencies type="collapsed-dependencies">
          <dep type="root">
            <governor idx="0">ROOT</governor>
            <dependent idx="8">thought</dependent>
          </dep>
          <dep type="compound">
            <governor idx="2">Description</governor>
            <dependent idx="1">Spirillum</dependent>
          </dep>
          <dep type="nsubjpass">
            <governor idx="8">thought</governor>
            <dependent idx="2">Description</dependent>
          </dep>
          <dep type="cc">
            <governor idx="2">Description</governor>
            <dependent idx="3">and</dependent>
          </dep>
          <dep type="compound">
            <governor idx="6">bacteria</governor>
            <dependent idx="4">Significance</dependent>
          </dep>
          <dep type="compound">
            <governor idx="6">bacteria</governor>
            <dependent idx="5">Spirillum</dependent>
          </dep>
          <dep type="conj:and">
            <governor idx="2">Description</governor>
            <dependent idx="6">bacteria</dependent>
          </dep>
          <dep type="auxpass">
            <governor idx="8">thought</governor>
            <dependent idx="7">are</dependent>
          </dep>
          <dep type="mark">
            <governor idx="13">described</governor>
            <dependent idx="9">to</dependent>
          </dep>
          <dep type="aux">
            <governor idx="13">described</governor>
            <dependent idx="10">have</dependent>
          </dep>
          <dep type="auxpass">
            <governor idx="13">described</governor>
            <dependent idx="11">been</dependent>
          </dep>
          <dep type="advmod">
            <governor idx="13">described</governor>
            <dependent idx="12">first</dependent>
          </dep>
          <dep type="xcomp">
            <governor idx="8">thought</governor>
            <dependent idx="13">described</dependent>
          </dep>
          <dep type="conj:and">
            <governor idx="13">described</governor>
            <dependent idx="13" copy="1">described</dependent>
          </dep>
          <dep type="case">
            <governor idx="16">Leeuwenhoek</governor>
            <dependent idx="14">by</dependent>
          </dep>
          <dep type="compound">
            <governor idx="16">Leeuwenhoek</governor>
            <dependent idx="15">van</dependent>
          </dep>
          <dep type="nmod:agent">
            <governor idx="13">described</governor>
            <dependent idx="16">Leeuwenhoek</dependent>
          </dep>
          <dep type="case">
            <governor idx="19">1670s</governor>
            <dependent idx="17">in</dependent>
          </dep>
          <dep type="det">
            <governor idx="19">1670s</governor>
            <dependent idx="18">the</dependent>
          </dep>
          <dep type="nmod:in">
            <governor idx="13">described</governor>
            <dependent idx="19">1670s</dependent>
          </dep>
          <dep type="cc">
            <governor idx="13">described</governor>
            <dependent idx="20">and</dependent>
          </dep>
          <dep type="advmod">
            <governor idx="23">Muller</governor>
            <dependent idx="21">later</dependent>
          </dep>
          <dep type="case">
            <governor idx="23">Muller</governor>
            <dependent idx="22">by</dependent>
          </dep>
          <dep type="nmod:by">
            <governor idx="13" copy="1">described</governor>
            <dependent idx="23">Muller</dependent>
          </dep>
          <dep type="punct">
            <governor idx="8">thought</governor>
            <dependent idx="24">.</dependent>
          </dep>
        </dependencies>
        <dependencies type="collapsed-ccprocessed-dependencies">
          <dep type="root">
            <governor idx="0">ROOT</governor>
            <dependent idx="8">thought</dependent>
          </dep>
          <dep type="compound">
            <governor idx="2">Description</governor>
            <dependent idx="1">Spirillum</dependent>
          </dep>
          <dep type="nsubjpass">
            <governor idx="8">thought</governor>
            <dependent idx="2">Description</dependent>
          </dep>
          <dep type="cc">
            <governor idx="2">Description</governor>
            <dependent idx="3">and</dependent>
          </dep>
          <dep type="compound">
            <governor idx="6">bacteria</governor>
            <dependent idx="4">Significance</dependent>
          </dep>
          <dep type="compound">
            <governor idx="6">bacteria</governor>
            <dependent idx="5">Spirillum</dependent>
          </dep>
          <dep type="conj:and">
            <governor idx="2">Description</governor>
            <dependent idx="6">bacteria</dependent>
          </dep>
          <dep type="nsubjpass" extra="true">
            <governor idx="8">thought</governor>
            <dependent idx="6">bacteria</dependent>
          </dep>
          <dep type="auxpass">
            <governor idx="8">thought</governor>
            <dependent idx="7">are</dependent>
          </dep>
          <dep type="mark">
            <governor idx="13">described</governor>
            <dependent idx="9">to</dependent>
          </dep>
          <dep type="aux">
            <governor idx="13">described</governor>
            <dependent idx="10">have</dependent>
          </dep>
          <dep type="auxpass">
            <governor idx="13">described</governor>
            <dependent idx="11">been</dependent>
          </dep>
          <dep type="advmod">
            <governor idx="13">described</governor>
            <dependent idx="12">first</dependent>
          </dep>
          <dep type="xcomp">
            <governor idx="8">thought</governor>
            <dependent idx="13">described</dependent>
          </dep>
          <dep type="xcomp" extra="true">
            <governor idx="8">thought</governor>
            <dependent idx="13" copy="2">described</dependent>
          </dep>
          <dep type="conj:and">
            <governor idx="13">described</governor>
            <dependent idx="13" copy="2">described</dependent>
          </dep>
          <dep type="case">
            <governor idx="16">Leeuwenhoek</governor>
            <dependent idx="14">by</dependent>
          </dep>
          <dep type="compound">
            <governor idx="16">Leeuwenhoek</governor>
            <dependent idx="15">van</dependent>
          </dep>
          <dep type="nmod:agent">
            <governor idx="13">described</governor>
            <dependent idx="16">Leeuwenhoek</dependent>
          </dep>
          <dep type="case">
            <governor idx="19">1670s</governor>
            <dependent idx="17">in</dependent>
          </dep>
          <dep type="det">
            <governor idx="19">1670s</governor>
            <dependent idx="18">the</dependent>
          </dep>
          <dep type="nmod:in">
            <governor idx="13">described</governor>
            <dependent idx="19">1670s</dependent>
          </dep>
          <dep type="cc">
            <governor idx="13">described</governor>
            <dependent idx="20">and</dependent>
          </dep>
          <dep type="advmod">
            <governor idx="23">Muller</governor>
            <dependent idx="21">later</dependent>
          </dep>
          <dep type="case">
            <governor idx="23">Muller</governor>
            <dependent idx="22">by</dependent>
          </dep>
          <dep type="nmod:by">
            <governor idx="13" copy="2">described</governor>
            <dependent idx="23">Muller</dependent>
          </dep>
          <dep type="punct">
            <governor idx="8">thought</governor>
            <dependent idx="24">.</dependent>
          </dep>
        </dependencies>
        <dependencies type="enhanced-dependencies">
          <dep type="root">
            <governor idx="0">ROOT</governor>
            <dependent idx="8">thought</dependent>
          </dep>
          <dep type="compound">
            <governor idx="2">Description</governor>
            <dependent idx="1">Spirillum</dependent>
          </dep>
          <dep type="nsubjpass">
            <governor idx="8">thought</governor>
            <dependent idx="2">Description</dependent>
          </dep>
          <dep type="nsubjpass:xsubj">
            <governor idx="13">described</governor>
            <dependent idx="2">Description</dependent>
          </dep>
          <dep type="cc">
            <governor idx="2">Description</governor>
            <dependent idx="3">and</dependent>
          </dep>
          <dep type="compound">
            <governor idx="6">bacteria</governor>
            <dependent idx="4">Significance</dependent>
          </dep>
          <dep type="compound">
            <governor idx="6">bacteria</governor>
            <dependent idx="5">Spirillum</dependent>
          </dep>
          <dep type="conj:and">
            <governor idx="2">Description</governor>
            <dependent idx="6">bacteria</dependent>
          </dep>
          <dep type="nsubjpass" extra="true">
            <governor idx="8">thought</governor>
            <dependent idx="6">bacteria</dependent>
          </dep>
          <dep type="nsubjpass:xsubj">
            <governor idx="13">described</governor>
            <dependent idx="6">bacteria</dependent>
          </dep>
          <dep type="auxpass">
            <governor idx="8">thought</governor>
            <dependent idx="7">are</dependent>
          </dep>
          <dep type="mark">
            <governor idx="13">described</governor>
            <dependent idx="9">to</dependent>
          </dep>
          <dep type="aux">
            <governor idx="13">described</governor>
            <dependent idx="10">have</dependent>
          </dep>
          <dep type="auxpass">
            <governor idx="13">described</governor>
            <dependent idx="11">been</dependent>
          </dep>
          <dep type="advmod">
            <governor idx="13">described</governor>
            <dependent idx="12">first</dependent>
          </dep>
          <dep type="xcomp">
            <governor idx="8">thought</governor>
            <dependent idx="13">described</dependent>
          </dep>
          <dep type="case">
            <governor idx="16">Leeuwenhoek</governor>
            <dependent idx="14">by</dependent>
          </dep>
          <dep type="compound">
            <governor idx="16">Leeuwenhoek</governor>
            <dependent idx="15">van</dependent>
          </dep>
          <dep type="nmod:agent">
            <governor idx="13">described</governor>
            <dependent idx="16">Leeuwenhoek</dependent>
          </dep>
          <dep type="case">
            <governor idx="19">1670s</governor>
            <dependent idx="17">in</dependent>
          </dep>
          <dep type="det">
            <governor idx="19">1670s</governor>
            <dependent idx="18">the</dependent>
          </dep>
          <dep type="nmod:in">
            <governor idx="13">described</governor>
            <dependent idx="19">1670s</dependent>
          </dep>
          <dep type="cc">
            <governor idx="19">1670s</governor>
            <dependent idx="20">and</dependent>
          </dep>
          <dep type="advmod">
            <governor idx="23">Muller</governor>
            <dependent idx="21">later</dependent>
          </dep>
          <dep type="case">
            <governor idx="23">Muller</governor>
            <dependent idx="22">by</dependent>
          </dep>
          <dep type="nmod:in" extra="true">
            <governor idx="13">described</governor>
            <dependent idx="23">Muller</dependent>
          </dep>
          <dep type="conj:and">
            <governor idx="19">1670s</governor>
            <dependent idx="23">Muller</dependent>
          </dep>
          <dep type="punct">
            <governor idx="8">thought</governor>
            <dependent idx="24">.</dependent>
          </dep>
        </dependencies>
        <dependencies type="enhanced-plus-plus-dependencies">
          <dep type="root">
            <governor idx="0">ROOT</governor>
            <dependent idx="8">thought</dependent>
          </dep>
          <dep type="compound">
            <governor idx="2">Description</governor>
            <dependent idx="1">Spirillum</dependent>
          </dep>
          <dep type="nsubjpass">
            <governor idx="8">thought</governor>
            <dependent idx="2">Description</dependent>
          </dep>
          <dep type="nsubjpass:xsubj">
            <governor idx="13">described</governor>
            <dependent idx="2">Description</dependent>
          </dep>
          <dep type="cc">
            <governor idx="2">Description</governor>
            <dependent idx="3">and</dependent>
          </dep>
          <dep type="compound">
            <governor idx="6">bacteria</governor>
            <dependent idx="4">Significance</dependent>
          </dep>
          <dep type="compound">
            <governor idx="6">bacteria</governor>
            <dependent idx="5">Spirillum</dependent>
          </dep>
          <dep type="conj:and">
            <governor idx="2">Description</governor>
            <dependent idx="6">bacteria</dependent>
          </dep>
          <dep type="nsubjpass" extra="true">
            <governor idx="8">thought</governor>
            <dependent idx="6">bacteria</dependent>
          </dep>
          <dep type="nsubjpass:xsubj">
            <governor idx="13">described</governor>
            <dependent idx="6">bacteria</dependent>
          </dep>
          <dep type="auxpass">
            <governor idx="8">thought</governor>
            <dependent idx="7">are</dependent>
          </dep>
          <dep type="mark">
            <governor idx="13">described</governor>
            <dependent idx="9">to</dependent>
          </dep>
          <dep type="aux">
            <governor idx="13">described</governor>
            <dependent idx="10">have</dependent>
          </dep>
          <dep type="auxpass">
            <governor idx="13">described</governor>
            <dependent idx="11">been</dependent>
          </dep>
          <dep type="advmod">
            <governor idx="13">described</governor>
            <dependent idx="12">first</dependent>
          </dep>
          <dep type="xcomp">
            <governor idx="8">thought</governor>
            <dependent idx="13">described</dependent>
          </dep>
          <dep type="xcomp" extra="true">
            <governor idx="8">thought</governor>
            <dependent idx="13" copy="3">described</dependent>
          </dep>
          <dep type="conj:and">
            <governor idx="13">described</governor>
            <dependent idx="13" copy="3">described</dependent>
          </dep>
          <dep type="case">
            <governor idx="16">Leeuwenhoek</governor>
            <dependent idx="14">by</dependent>
          </dep>
          <dep type="compound">
            <governor idx="16">Leeuwenhoek</governor>
            <dependent idx="15">van</dependent>
          </dep>
          <dep type="nmod:agent">
            <governor idx="13">described</governor>
            <dependent idx="16">Leeuwenhoek</dependent>
          </dep>
          <dep type="case">
            <governor idx="19">1670s</governor>
            <dependent idx="17">in</dependent>
          </dep>
          <dep type="det">
            <governor idx="19">1670s</governor>
            <dependent idx="18">the</dependent>
          </dep>
          <dep type="nmod:in">
            <governor idx="13">described</governor>
            <dependent idx="19">1670s</dependent>
          </dep>
          <dep type="cc">
            <governor idx="13">described</governor>
            <dependent idx="20">and</dependent>
          </dep>
          <dep type="advmod">
            <governor idx="23">Muller</governor>
            <dependent idx="21">later</dependent>
          </dep>
          <dep type="case">
            <governor idx="23">Muller</governor>
            <dependent idx="22">by</dependent>
          </dep>
          <dep type="nmod:by">
            <governor idx="13" copy="3">described</governor>
            <dependent idx="23">Muller</dependent>
          </dep>
          <dep type="punct">
            <governor idx="8">thought</governor>
            <dependent idx="24">.</dependent>
          </dep>
        </dependencies>
      </sentence>
      <sentence id="2">
        <tokens>
          <token id="1">
            <word>S.</word>
            <lemma>S.</lemma>
            <CharacterOffsetBegin>152</CharacterOffsetBegin>
            <CharacterOffsetEnd>154</CharacterOffsetEnd>
            <POS>NNP</POS>
            <NER>O</NER>
            <Speaker>PER0</Speaker>
          </token>
          <token id="2">
            <word>volutans</word>
            <lemma>volutan</lemma>
            <CharacterOffsetBegin>155</CharacterOffsetBegin>
            <CharacterOffsetEnd>163</CharacterOffsetEnd>
            <POS>NNS</POS>
            <NER>O</NER>
            <Speaker>PER0</Speaker>
          </token>
          <token id="3">
            <word>is</word>
            <lemma>be</lemma>
            <CharacterOffsetBegin>164</CharacterOffsetBegin>
            <CharacterOffsetEnd>166</CharacterOffsetEnd>
            <POS>VBZ</POS>
            <NER>O</NER>
            <Speaker>PER0</Speaker>
          </token>
          <token id="4">
            <word>a</word>
            <lemma>a</lemma>
            <CharacterOffsetBegin>167</CharacterOffsetBegin>
            <CharacterOffsetEnd>168</CharacterOffsetEnd>
            <POS>DT</POS>
            <NER>O</NER>
            <Speaker>PER0</Speaker>
          </token>
          <token id="5">
            <word>large</word>
            <lemma>large</lemma>
            <CharacterOffsetBegin>169</CharacterOffsetBegin>
            <CharacterOffsetEnd>174</CharacterOffsetEnd>
            <POS>JJ</POS>
            <NER>O</NER>
            <Speaker>PER0</Speaker>
          </token>
          <token id="6">
            <word>bacterium</word>
            <lemma>bacterium</lemma>
            <CharacterOffsetBegin>175</CharacterOffsetBegin>
            <CharacterOffsetEnd>184</CharacterOffsetEnd>
            <POS>NN</POS>
            <NER>O</NER>
            <Speaker>PER0</Speaker>
          </token>
          <token id="7">
            <word>as</word>
            <lemma>as</lemma>
            <CharacterOffsetBegin>185</CharacterOffsetBegin>
            <CharacterOffsetEnd>187</CharacterOffsetEnd>
            <POS>RB</POS>
            <NER>O</NER>
            <Speaker>PER0</Speaker>
          </token>
          <token id="8">
            <word>well</word>
            <lemma>well</lemma>
            <CharacterOffsetBegin>188</CharacterOffsetBegin>
            <CharacterOffsetEnd>192</CharacterOffsetEnd>
            <POS>RB</POS>
            <NER>O</NER>
            <Speaker>PER0</Speaker>
          </token>
          <token id="9">
            <word>as</word>
            <lemma>as</lemma>
            <CharacterOffsetBegin>193</CharacterOffsetBegin>
            <CharacterOffsetEnd>195</CharacterOffsetEnd>
            <POS>IN</POS>
            <NER>O</NER>
            <Speaker>PER0</Speaker>
          </token>
          <token id="10">
            <word>an</word>
            <lemma>a</lemma>
            <CharacterOffsetBegin>196</CharacterOffsetBegin>
            <CharacterOffsetEnd>198</CharacterOffsetEnd>
            <POS>DT</POS>
            <NER>O</NER>
            <Speaker>PER0</Speaker>
          </token>
          <token id="11">
            <word>obligate</word>
            <lemma>obligate</lemma>
            <CharacterOffsetBegin>199</CharacterOffsetBegin>
            <CharacterOffsetEnd>207</CharacterOffsetEnd>
            <POS>JJ</POS>
            <NER>O</NER>
            <Speaker>PER0</Speaker>
          </token>
          <token id="12">
            <word>microaerophile</word>
            <lemma>microaerophile</lemma>
            <CharacterOffsetBegin>208</CharacterOffsetBegin>
            <CharacterOffsetEnd>222</CharacterOffsetEnd>
            <POS>NN</POS>
            <NER>O</NER>
            <Speaker>PER0</Speaker>
          </token>
          <token id="13">
            <word>with</word>
            <lemma>with</lemma>
            <CharacterOffsetBegin>223</CharacterOffsetBegin>
            <CharacterOffsetEnd>227</CharacterOffsetEnd>
            <POS>IN</POS>
            <NER>O</NER>
            <Speaker>PER0</Speaker>
          </token>
          <token id="14">
            <word>a</word>
            <lemma>a</lemma>
            <CharacterOffsetBegin>228</CharacterOffsetBegin>
            <CharacterOffsetEnd>229</CharacterOffsetEnd>
            <POS>DT</POS>
            <NER>O</NER>
            <Speaker>PER0</Speaker>
          </token>
          <token id="15">
            <word>helical</word>
            <lemma>helical</lemma>
            <CharacterOffsetBegin>230</CharacterOffsetBegin>
            <CharacterOffsetEnd>237</CharacterOffsetEnd>
            <POS>JJ</POS>
            <NER>O</NER>
            <Speaker>PER0</Speaker>
          </token>
          <token id="16">
            <word>structure</word>
            <lemma>structure</lemma>
            <CharacterOffsetBegin>238</CharacterOffsetBegin>
            <CharacterOffsetEnd>247</CharacterOffsetEnd>
            <POS>NN</POS>
            <NER>O</NER>
            <Speaker>PER0</Speaker>
          </token>
          <token id="17">
            <word>.</word>
            <lemma>.</lemma>
            <CharacterOffsetBegin>247</CharacterOffsetBegin>
            <CharacterOffsetEnd>248</CharacterOffsetEnd>
            <POS>.</POS>
            <NER>O</NER>
            <Speaker>PER0</Speaker>
          </token>
        </tokens>
        <dependencies type="basic-dependencies">
          <dep type="root">
            <governor idx="0">ROOT</governor>
            <dependent idx="6">bacterium</dependent>
          </dep>
          <dep type="compound">
            <governor idx="2">volutans</governor>
            <dependent idx="1">S.</dependent>
          </dep>
          <dep type="nsubj">
            <governor idx="6">bacterium</governor>
            <dependent idx="2">volutans</dependent>
          </dep>
          <dep type="cop">
            <governor idx="6">bacterium</governor>
            <dependent idx="3">is</dependent>
          </dep>
          <dep type="det">
            <governor idx="6">bacterium</governor>
            <dependent idx="4">a</dependent>
          </dep>
          <dep type="amod">
            <governor idx="6">bacterium</governor>
            <dependent idx="5">large</dependent>
          </dep>
          <dep type="cc">
            <governor idx="6">bacterium</governor>
            <dependent idx="7">as</dependent>
          </dep>
          <dep type="mwe">
            <governor idx="7">as</governor>
            <dependent idx="8">well</dependent>
          </dep>
          <dep type="mwe">
            <governor idx="7">as</governor>
            <dependent idx="9">as</dependent>
          </dep>
          <dep type="det">
            <governor idx="12">microaerophile</governor>
            <dependent idx="10">an</dependent>
          </dep>
          <dep type="amod">
            <governor idx="12">microaerophile</governor>
            <dependent idx="11">obligate</dependent>
          </dep>
          <dep type="conj">
            <governor idx="6">bacterium</governor>
            <dependent idx="12">microaerophile</dependent>
          </dep>
          <dep type="case">
            <governor idx="16">structure</governor>
            <dependent idx="13">with</dependent>
          </dep>
          <dep type="det">
            <governor idx="16">structure</governor>
            <dependent idx="14">a</dependent>
          </dep>
          <dep type="amod">
            <governor idx="16">structure</governor>
            <dependent idx="15">helical</dependent>
          </dep>
          <dep type="nmod">
            <governor idx="12">microaerophile</governor>
            <dependent idx="16">structure</dependent>
          </dep>
          <dep type="punct">
            <governor idx="6">bacterium</governor>
            <dependent idx="17">.</dependent>
          </dep>
        </dependencies>
        <dependencies type="collapsed-dependencies">
          <dep type="root">
            <governor idx="0">ROOT</governor>
            <dependent idx="6">bacterium</dependent>
          </dep>
          <dep type="compound">
            <governor idx="2">volutans</governor>
            <dependent idx="1">S.</dependent>
          </dep>
          <dep type="nsubj">
            <governor idx="6">bacterium</governor>
            <dependent idx="2">volutans</dependent>
          </dep>
          <dep type="cop">
            <governor idx="6">bacterium</governor>
            <dependent idx="3">is</dependent>
          </dep>
          <dep type="det">
            <governor idx="6">bacterium</governor>
            <dependent idx="4">a</dependent>
          </dep>
          <dep type="amod">
            <governor idx="6">bacterium</governor>
            <dependent idx="5">large</dependent>
          </dep>
          <dep type="cc">
            <governor idx="6">bacterium</governor>
            <dependent idx="7">as</dependent>
          </dep>
          <dep type="mwe">
            <governor idx="7">as</governor>
            <dependent idx="8">well</dependent>
          </dep>
          <dep type="mwe">
            <governor idx="7">as</governor>
            <dependent idx="9">as</dependent>
          </dep>
          <dep type="det">
            <governor idx="12">microaerophile</governor>
            <dependent idx="10">an</dependent>
          </dep>
          <dep type="amod">
            <governor idx="12">microaerophile</governor>
            <dependent idx="11">obligate</dependent>
          </dep>
          <dep type="conj:and">
            <governor idx="6">bacterium</governor>
            <dependent idx="12">microaerophile</dependent>
          </dep>
          <dep type="case">
            <governor idx="16">structure</governor>
            <dependent idx="13">with</dependent>
          </dep>
          <dep type="det">
            <governor idx="16">structure</governor>
            <dependent idx="14">a</dependent>
          </dep>
          <dep type="amod">
            <governor idx="16">structure</governor>
            <dependent idx="15">helical</dependent>
          </dep>
          <dep type="nmod:with">
            <governor idx="12">microaerophile</governor>
            <dependent idx="16">structure</dependent>
          </dep>
          <dep type="punct">
            <governor idx="6">bacterium</governor>
            <dependent idx="17">.</dependent>
          </dep>
        </dependencies>
        <dependencies type="collapsed-ccprocessed-dependencies">
          <dep type="root">
            <governor idx="0">ROOT</governor>
            <dependent idx="6">bacterium</dependent>
          </dep>
          <dep type="compound">
            <governor idx="2">volutans</governor>
            <dependent idx="1">S.</dependent>
          </dep>
          <dep type="nsubj">
            <governor idx="6">bacterium</governor>
            <dependent idx="2">volutans</dependent>
          </dep>
          <dep type="cop">
            <governor idx="6">bacterium</governor>
            <dependent idx="3">is</dependent>
          </dep>
          <dep type="det">
            <governor idx="6">bacterium</governor>
            <dependent idx="4">a</dependent>
          </dep>
          <dep type="amod">
            <governor idx="6">bacterium</governor>
            <dependent idx="5">large</dependent>
          </dep>
          <dep type="cc">
            <governor idx="6">bacterium</governor>
            <dependent idx="7">as</dependent>
          </dep>
          <dep type="mwe">
            <governor idx="7">as</governor>
            <dependent idx="8">well</dependent>
          </dep>
          <dep type="mwe">
            <governor idx="7">as</governor>
            <dependent idx="9">as</dependent>
          </dep>
          <dep type="det">
            <governor idx="12">microaerophile</governor>
            <dependent idx="10">an</dependent>
          </dep>
          <dep type="amod">
            <governor idx="12">microaerophile</governor>
            <dependent idx="11">obligate</dependent>
          </dep>
          <dep type="conj:and">
            <governor idx="6">bacterium</governor>
            <dependent idx="12">microaerophile</dependent>
          </dep>
          <dep type="case">
            <governor idx="16">structure</governor>
            <dependent idx="13">with</dependent>
          </dep>
          <dep type="det">
            <governor idx="16">structure</governor>
            <dependent idx="14">a</dependent>
          </dep>
          <dep type="amod">
            <governor idx="16">structure</governor>
            <dependent idx="15">helical</dependent>
          </dep>
          <dep type="nmod:with">
            <governor idx="12">microaerophile</governor>
            <dependent idx="16">structure</dependent>
          </dep>
          <dep type="punct">
            <governor idx="6">bacterium</governor>
            <dependent idx="17">.</dependent>
          </dep>
        </dependencies>
        <dependencies type="enhanced-dependencies">
          <dep type="root">
            <governor idx="0">ROOT</governor>
            <dependent idx="6">bacterium</dependent>
          </dep>
          <dep type="compound">
            <governor idx="2">volutans</governor>
            <dependent idx="1">S.</dependent>
          </dep>
          <dep type="nsubj">
            <governor idx="6">bacterium</governor>
            <dependent idx="2">volutans</dependent>
          </dep>
          <dep type="cop">
            <governor idx="6">bacterium</governor>
            <dependent idx="3">is</dependent>
          </dep>
          <dep type="det">
            <governor idx="6">bacterium</governor>
            <dependent idx="4">a</dependent>
          </dep>
          <dep type="amod">
            <governor idx="6">bacterium</governor>
            <dependent idx="5">large</dependent>
          </dep>
          <dep type="cc">
            <governor idx="6">bacterium</governor>
            <dependent idx="7">as</dependent>
          </dep>
          <dep type="mwe">
            <governor idx="7">as</governor>
            <dependent idx="8">well</dependent>
          </dep>
          <dep type="mwe">
            <governor idx="7">as</governor>
            <dependent idx="9">as</dependent>
          </dep>
          <dep type="det">
            <governor idx="12">microaerophile</governor>
            <dependent idx="10">an</dependent>
          </dep>
          <dep type="amod">
            <governor idx="12">microaerophile</governor>
            <dependent idx="11">obligate</dependent>
          </dep>
          <dep type="conj:and">
            <governor idx="6">bacterium</governor>
            <dependent idx="12">microaerophile</dependent>
          </dep>
          <dep type="case">
            <governor idx="16">structure</governor>
            <dependent idx="13">with</dependent>
          </dep>
          <dep type="det">
            <governor idx="16">structure</governor>
            <dependent idx="14">a</dependent>
          </dep>
          <dep type="amod">
            <governor idx="16">structure</governor>
            <dependent idx="15">helical</dependent>
          </dep>
          <dep type="nmod:with">
            <governor idx="12">microaerophile</governor>
            <dependent idx="16">structure</dependent>
          </dep>
          <dep type="punct">
            <governor idx="6">bacterium</governor>
            <dependent idx="17">.</dependent>
          </dep>
        </dependencies>
        <dependencies type="enhanced-plus-plus-dependencies">
          <dep type="root">
            <governor idx="0">ROOT</governor>
            <dependent idx="6">bacterium</dependent>
          </dep>
          <dep type="compound">
            <governor idx="2">volutans</governor>
            <dependent idx="1">S.</dependent>
          </dep>
          <dep type="nsubj">
            <governor idx="6">bacterium</governor>
            <dependent idx="2">volutans</dependent>
          </dep>
          <dep type="cop">
            <governor idx="6">bacterium</governor>
            <dependent idx="3">is</dependent>
          </dep>
          <dep type="det">
            <governor idx="6">bacterium</governor>
            <dependent idx="4">a</dependent>
          </dep>
          <dep type="amod">
            <governor idx="6">bacterium</governor>
            <dependent idx="5">large</dependent>
          </dep>
          <dep type="cc">
            <governor idx="6">bacterium</governor>
            <dependent idx="7">as</dependent>
          </dep>
          <dep type="mwe">
            <governor idx="7">as</governor>
            <dependent idx="8">well</dependent>
          </dep>
          <dep type="mwe">
            <governor idx="7">as</governor>
            <dependent idx="9">as</dependent>
          </dep>
          <dep type="det">
            <governor idx="12">microaerophile</governor>
            <dependent idx="10">an</dependent>
          </dep>
          <dep type="amod">
            <governor idx="12">microaerophile</governor>
            <dependent idx="11">obligate</dependent>
          </dep>
          <dep type="conj:and">
            <governor idx="6">bacterium</governor>
            <dependent idx="12">microaerophile</dependent>
          </dep>
          <dep type="case">
            <governor idx="16">structure</governor>
            <dependent idx="13">with</dependent>
          </dep>
          <dep type="det">
            <governor idx="16">structure</governor>
            <dependent idx="14">a</dependent>
          </dep>
          <dep type="amod">
            <governor idx="16">structure</governor>
            <dependent idx="15">helical</dependent>
          </dep>
          <dep type="nmod:with">
            <governor idx="12">microaerophile</governor>
            <dependent idx="16">structure</dependent>
          </dep>
          <dep type="punct">
            <governor idx="6">bacterium</governor>
            <dependent idx="17">.</dependent>
          </dep>
        </dependencies>
      </sentence>
      <sentence id="3">
        <tokens>
          <token id="1">
            <word>Ecology</word>
            <lemma>Ecology</lemma>
            <CharacterOffsetBegin>250</CharacterOffsetBegin>
            <CharacterOffsetEnd>257</CharacterOffsetEnd>
            <POS>NNP</POS>
            <NER>O</NER>
            <Speaker>PER0</Speaker>
          </token>
          <token id="2">
            <word>S.</word>
            <lemma>S.</lemma>
            <CharacterOffsetBegin>258</CharacterOffsetBegin>
            <CharacterOffsetEnd>260</CharacterOffsetEnd>
            <POS>NNP</POS>
            <NER>O</NER>
            <Speaker>PER0</Speaker>
          </token>
          <token id="3">
            <word>volutans</word>
            <lemma>volutan</lemma>
            <CharacterOffsetBegin>261</CharacterOffsetBegin>
            <CharacterOffsetEnd>269</CharacterOffsetEnd>
            <POS>NNS</POS>
            <NER>O</NER>
            <Speaker>PER0</Speaker>
          </token>
          <token id="4">
            <word>has</word>
            <lemma>have</lemma>
            <CharacterOffsetBegin>270</CharacterOffsetBegin>
            <CharacterOffsetEnd>273</CharacterOffsetEnd>
            <POS>VBZ</POS>
            <NER>O</NER>
            <Speaker>PER0</Speaker>
          </token>
          <token id="5">
            <word>been</word>
            <lemma>be</lemma>
            <CharacterOffsetBegin>274</CharacterOffsetBegin>
            <CharacterOffsetEnd>278</CharacterOffsetEnd>
            <POS>VBN</POS>
            <NER>O</NER>
            <Speaker>PER0</Speaker>
          </token>
          <token id="6">
            <word>found</word>
            <lemma>find</lemma>
            <CharacterOffsetBegin>279</CharacterOffsetBegin>
            <CharacterOffsetEnd>284</CharacterOffsetEnd>
            <POS>VBN</POS>
            <NER>O</NER>
            <Speaker>PER0</Speaker>
          </token>
          <token id="7">
            <word>in</word>
            <lemma>in</lemma>
            <CharacterOffsetBegin>285</CharacterOffsetBegin>
            <CharacterOffsetEnd>287</CharacterOffsetEnd>
            <POS>IN</POS>
            <NER>O</NER>
            <Speaker>PER0</Speaker>
          </token>
          <token id="8">
            <word>the</word>
            <lemma>the</lemma>
            <CharacterOffsetBegin>288</CharacterOffsetBegin>
            <CharacterOffsetEnd>291</CharacterOffsetEnd>
            <POS>DT</POS>
            <NER>O</NER>
            <Speaker>PER0</Speaker>
          </token>
          <token id="9">
            <word>water</word>
            <lemma>water</lemma>
            <CharacterOffsetBegin>292</CharacterOffsetBegin>
            <CharacterOffsetEnd>297</CharacterOffsetEnd>
            <POS>NN</POS>
            <NER>O</NER>
            <Speaker>PER0</Speaker>
          </token>
          <token id="10">
            <word>of</word>
            <lemma>of</lemma>
            <CharacterOffsetBegin>298</CharacterOffsetBegin>
            <CharacterOffsetEnd>300</CharacterOffsetEnd>
            <POS>IN</POS>
            <NER>O</NER>
            <Speaker>PER0</Speaker>
          </token>
          <token id="11">
            <word>a</word>
            <lemma>a</lemma>
            <CharacterOffsetBegin>301</CharacterOffsetBegin>
            <CharacterOffsetEnd>302</CharacterOffsetEnd>
            <POS>DT</POS>
            <NER>O</NER>
            <Speaker>PER0</Speaker>
          </token>
          <token id="12">
            <word>cooling</word>
            <lemma>cooling</lemma>
            <CharacterOffsetBegin>303</CharacterOffsetBegin>
            <CharacterOffsetEnd>310</CharacterOffsetEnd>
            <POS>NN</POS>
            <NER>O</NER>
            <Speaker>PER0</Speaker>
          </token>
          <token id="13">
            <word>tower</word>
            <lemma>tower</lemma>
            <CharacterOffsetBegin>311</CharacterOffsetBegin>
            <CharacterOffsetEnd>316</CharacterOffsetEnd>
            <POS>NN</POS>
            <NER>O</NER>
            <Speaker>PER0</Speaker>
          </token>
          <token id="14">
            <word>of</word>
            <lemma>of</lemma>
            <CharacterOffsetBegin>317</CharacterOffsetBegin>
            <CharacterOffsetEnd>319</CharacterOffsetEnd>
            <POS>IN</POS>
            <NER>O</NER>
            <Speaker>PER0</Speaker>
          </token>
          <token id="15">
            <word>a</word>
            <lemma>a</lemma>
            <CharacterOffsetBegin>320</CharacterOffsetBegin>
            <CharacterOffsetEnd>321</CharacterOffsetEnd>
            <POS>DT</POS>
            <NER>O</NER>
            <Speaker>PER0</Speaker>
          </token>
          <token id="16">
            <word>sugar-beet</word>
            <lemma>sugar-beet</lemma>
            <CharacterOffsetBegin>322</CharacterOffsetBegin>
            <CharacterOffsetEnd>332</CharacterOffsetEnd>
            <POS>JJ</POS>
            <NER>O</NER>
            <Speaker>PER0</Speaker>
          </token>
          <token id="17">
            <word>refinery</word>
            <lemma>refinery</lemma>
            <CharacterOffsetBegin>333</CharacterOffsetBegin>
            <CharacterOffsetEnd>341</CharacterOffsetEnd>
            <POS>NN</POS>
            <NER>O</NER>
            <Speaker>PER0</Speaker>
          </token>
          <token id="18">
            <word>in</word>
            <lemma>in</lemma>
            <CharacterOffsetBegin>342</CharacterOffsetBegin>
            <CharacterOffsetEnd>344</CharacterOffsetEnd>
            <POS>IN</POS>
            <NER>O</NER>
            <Speaker>PER0</Speaker>
          </token>
          <token id="19">
            <word>England</word>
            <lemma>England</lemma>
            <CharacterOffsetBegin>345</CharacterOffsetBegin>
            <CharacterOffsetEnd>352</CharacterOffsetEnd>
            <POS>NNP</POS>
            <NER>COUNTRY</NER>
            <Speaker>PER0</Speaker>
          </token>
          <token id="20">
            <word>and</word>
            <lemma>and</lemma>
            <CharacterOffsetBegin>353</CharacterOffsetBegin>
            <CharacterOffsetEnd>356</CharacterOffsetEnd>
            <POS>CC</POS>
            <NER>O</NER>
            <Speaker>PER0</Speaker>
          </token>
          <token id="21">
            <word>from</word>
            <lemma>from</lemma>
            <CharacterOffsetBegin>357</CharacterOffsetBegin>
            <CharacterOffsetEnd>361</CharacterOffsetEnd>
            <POS>IN</POS>
            <NER>O</NER>
            <Speaker>PER0</Speaker>
          </token>
          <token id="22">
            <word>water</word>
            <lemma>water</lemma>
            <CharacterOffsetBegin>362</CharacterOffsetBegin>
            <CharacterOffsetEnd>367</CharacterOffsetEnd>
            <POS>NN</POS>
            <NER>O</NER>
            <Speaker>PER0</Speaker>
          </token>
          <token id="23">
            <word>of</word>
            <lemma>of</lemma>
            <CharacterOffsetBegin>368</CharacterOffsetBegin>
            <CharacterOffsetEnd>370</CharacterOffsetEnd>
            <POS>IN</POS>
            <NER>O</NER>
            <Speaker>PER0</Speaker>
          </token>
          <token id="24">
            <word>a</word>
            <lemma>a</lemma>
            <CharacterOffsetBegin>371</CharacterOffsetBegin>
            <CharacterOffsetEnd>372</CharacterOffsetEnd>
            <POS>DT</POS>
            <NER>O</NER>
            <Speaker>PER0</Speaker>
          </token>
          <token id="25">
            <word>polluted</word>
            <lemma>polluted</lemma>
            <CharacterOffsetBegin>373</CharacterOffsetBegin>
            <CharacterOffsetEnd>381</CharacterOffsetEnd>
            <POS>JJ</POS>
            <NER>O</NER>
            <Speaker>PER0</Speaker>
          </token>
          <token id="26">
            <word>pond</word>
            <lemma>pond</lemma>
            <CharacterOffsetBegin>382</CharacterOffsetBegin>
            <CharacterOffsetEnd>386</CharacterOffsetEnd>
            <POS>NN</POS>
            <NER>O</NER>
            <Speaker>PER0</Speaker>
          </token>
          <token id="27">
            <word>.</word>
            <lemma>.</lemma>
            <CharacterOffsetBegin>386</CharacterOffsetBegin>
            <CharacterOffsetEnd>387</CharacterOffsetEnd>
            <POS>.</POS>
            <NER>O</NER>
            <Speaker>PER0</Speaker>
          </token>
        </tokens>
        <dependencies type="basic-dependencies">
          <dep type="root">
            <governor idx="0">ROOT</governor>
            <dependent idx="6">found</dependent>
          </dep>
          <dep type="compound">
            <governor idx="3">volutans</governor>
            <dependent idx="1">Ecology</dependent>
          </dep>
          <dep type="compound">
            <governor idx="3">volutans</governor>
            <dependent idx="2">S.</dependent>
          </dep>
          <dep type="nsubjpass">
            <governor idx="6">found</governor>
            <dependent idx="3">volutans</dependent>
          </dep>
          <dep type="aux">
            <governor idx="6">found</governor>
            <dependent idx="4">has</dependent>
          </dep>
          <dep type="auxpass">
            <governor idx="6">found</governor>
            <dependent idx="5">been</dependent>
          </dep>
          <dep type="case">
            <governor idx="9">water</governor>
            <dependent idx="7">in</dependent>
          </dep>
          <dep type="det">
            <governor idx="9">water</governor>
            <dependent idx="8">the</dependent>
          </dep>
          <dep type="nmod">
            <governor idx="6">found</governor>
            <dependent idx="9">water</dependent>
          </dep>
          <dep type="case">
            <governor idx="13">tower</governor>
            <dependent idx="10">of</dependent>
          </dep>
          <dep type="det">
            <governor idx="13">tower</governor>
            <dependent idx="11">a</dependent>
          </dep>
          <dep type="amod">
            <governor idx="13">tower</governor>
            <dependent idx="12">cooling</dependent>
          </dep>
          <dep type="nmod">
            <governor idx="9">water</governor>
            <dependent idx="13">tower</dependent>
          </dep>
          <dep type="case">
            <governor idx="17">refinery</governor>
            <dependent idx="14">of</dependent>
          </dep>
          <dep type="det">
            <governor idx="17">refinery</governor>
            <dependent idx="15">a</dependent>
          </dep>
          <dep type="amod">
            <governor idx="17">refinery</governor>
            <dependent idx="16">sugar-beet</dependent>
          </dep>
          <dep type="nmod">
            <governor idx="13">tower</governor>
            <dependent idx="17">refinery</dependent>
          </dep>
          <dep type="case">
            <governor idx="19">England</governor>
            <dependent idx="18">in</dependent>
          </dep>
          <dep type="nmod">
            <governor idx="17">refinery</governor>
            <dependent idx="19">England</dependent>
          </dep>
          <dep type="cc">
            <governor idx="17">refinery</governor>
            <dependent idx="20">and</dependent>
          </dep>
          <dep type="case">
            <governor idx="22">water</governor>
            <dependent idx="21">from</dependent>
          </dep>
          <dep type="conj">
            <governor idx="17">refinery</governor>
            <dependent idx="22">water</dependent>
          </dep>
          <dep type="case">
            <governor idx="26">pond</governor>
            <dependent idx="23">of</dependent>
          </dep>
          <dep type="det">
            <governor idx="26">pond</governor>
            <dependent idx="24">a</dependent>
          </dep>
          <dep type="amod">
            <governor idx="26">pond</governor>
            <dependent idx="25">polluted</dependent>
          </dep>
          <dep type="nmod">
            <governor idx="22">water</governor>
            <dependent idx="26">pond</dependent>
          </dep>
          <dep type="punct">
            <governor idx="6">found</governor>
            <dependent idx="27">.</dependent>
          </dep>
        </dependencies>
        <dependencies type="collapsed-dependencies">
          <dep type="root">
            <governor idx="0">ROOT</governor>
            <dependent idx="6">found</dependent>
          </dep>
          <dep type="compound">
            <governor idx="3">volutans</governor>
            <dependent idx="1">Ecology</dependent>
          </dep>
          <dep type="compound">
            <governor idx="3">volutans</governor>
            <dependent idx="2">S.</dependent>
          </dep>
          <dep type="nsubjpass">
            <governor idx="6">found</governor>
            <dependent idx="3">volutans</dependent>
          </dep>
          <dep type="aux">
            <governor idx="6">found</governor>
            <dependent idx="4">has</dependent>
          </dep>
          <dep type="auxpass">
            <governor idx="6">found</governor>
            <dependent idx="5">been</dependent>
          </dep>
          <dep type="case">
            <governor idx="9">water</governor>
            <dependent idx="7">in</dependent>
          </dep>
          <dep type="det">
            <governor idx="9">water</governor>
            <dependent idx="8">the</dependent>
          </dep>
          <dep type="nmod:in">
            <governor idx="6">found</governor>
            <dependent idx="9">water</dependent>
          </dep>
          <dep type="case">
            <governor idx="13">tower</governor>
            <dependent idx="10">of</dependent>
          </dep>
          <dep type="det">
            <governor idx="13">tower</governor>
            <dependent idx="11">a</dependent>
          </dep>
          <dep type="amod">
            <governor idx="13">tower</governor>
            <dependent idx="12">cooling</dependent>
          </dep>
          <dep type="nmod:of">
            <governor idx="9">water</governor>
            <dependent idx="13">tower</dependent>
          </dep>
          <dep type="conj:and">
            <governor idx="13">tower</governor>
            <dependent idx="13" copy="1">tower</dependent>
          </dep>
          <dep type="case">
            <governor idx="17">refinery</governor>
            <dependent idx="14">of</dependent>
          </dep>
          <dep type="det">
            <governor idx="17">refinery</governor>
            <dependent idx="15">a</dependent>
          </dep>
          <dep type="amod">
            <governor idx="17">refinery</governor>
            <dependent idx="16">sugar-beet</dependent>
          </dep>
          <dep type="nmod:of">
            <governor idx="13">tower</governor>
            <dependent idx="17">refinery</dependent>
          </dep>
          <dep type="case">
            <governor idx="19">England</governor>
            <dependent idx="18">in</dependent>
          </dep>
          <dep type="nmod:in">
            <governor idx="17">refinery</governor>
            <dependent idx="19">England</dependent>
          </dep>
          <dep type="cc">
            <governor idx="13">tower</governor>
            <dependent idx="20">and</dependent>
          </dep>
          <dep type="case">
            <governor idx="22">water</governor>
            <dependent idx="21">from</dependent>
          </dep>
          <dep type="nmod:from">
            <governor idx="13" copy="1">tower</governor>
            <dependent idx="22">water</dependent>
          </dep>
          <dep type="case">
            <governor idx="26">pond</governor>
            <dependent idx="23">of</dependent>
          </dep>
          <dep type="det">
            <governor idx="26">pond</governor>
            <dependent idx="24">a</dependent>
          </dep>
          <dep type="amod">
            <governor idx="26">pond</governor>
            <dependent idx="25">polluted</dependent>
          </dep>
          <dep type="nmod:of">
            <governor idx="22">water</governor>
            <dependent idx="26">pond</dependent>
          </dep>
          <dep type="punct">
            <governor idx="6">found</governor>
            <dependent idx="27">.</dependent>
          </dep>
        </dependencies>
        <dependencies type="collapsed-ccprocessed-dependencies">
          <dep type="root">
            <governor idx="0">ROOT</governor>
            <dependent idx="6">found</dependent>
          </dep>
          <dep type="compound">
            <governor idx="3">volutans</governor>
            <dependent idx="1">Ecology</dependent>
          </dep>
          <dep type="compound">
            <governor idx="3">volutans</governor>
            <dependent idx="2">S.</dependent>
          </dep>
          <dep type="nsubjpass">
            <governor idx="6">found</governor>
            <dependent idx="3">volutans</dependent>
          </dep>
          <dep type="aux">
            <governor idx="6">found</governor>
            <dependent idx="4">has</dependent>
          </dep>
          <dep type="auxpass">
            <governor idx="6">found</governor>
            <dependent idx="5">been</dependent>
          </dep>
          <dep type="case">
            <governor idx="9">water</governor>
            <dependent idx="7">in</dependent>
          </dep>
          <dep type="det">
            <governor idx="9">water</governor>
            <dependent idx="8">the</dependent>
          </dep>
          <dep type="nmod:in">
            <governor idx="6">found</governor>
            <dependent idx="9">water</dependent>
          </dep>
          <dep type="case">
            <governor idx="13">tower</governor>
            <dependent idx="10">of</dependent>
          </dep>
          <dep type="det">
            <governor idx="13">tower</governor>
            <dependent idx="11">a</dependent>
          </dep>
          <dep type="amod">
            <governor idx="13">tower</governor>
            <dependent idx="12">cooling</dependent>
          </dep>
          <dep type="nmod:of">
            <governor idx="9">water</governor>
            <dependent idx="13">tower</dependent>
          </dep>
          <dep type="nmod:of" extra="true">
            <governor idx="9">water</governor>
            <dependent idx="13" copy="2">tower</dependent>
          </dep>
          <dep type="conj:and">
            <governor idx="13">tower</governor>
            <dependent idx="13" copy="2">tower</dependent>
          </dep>
          <dep type="case">
            <governor idx="17">refinery</governor>
            <dependent idx="14">of</dependent>
          </dep>
          <dep type="det">
            <governor idx="17">refinery</governor>
            <dependent idx="15">a</dependent>
          </dep>
          <dep type="amod">
            <governor idx="17">refinery</governor>
            <dependent idx="16">sugar-beet</dependent>
          </dep>
          <dep type="nmod:of">
            <governor idx="13">tower</governor>
            <dependent idx="17">refinery</dependent>
          </dep>
          <dep type="case">
            <governor idx="19">England</governor>
            <dependent idx="18">in</dependent>
          </dep>
          <dep type="nmod:in">
            <governor idx="17">refinery</governor>
            <dependent idx="19">England</dependent>
          </dep>
          <dep type="cc">
            <governor idx="13">tower</governor>
            <dependent idx="20">and</dependent>
          </dep>
          <dep type="case">
            <governor idx="22">water</governor>
            <dependent idx="21">from</dependent>
          </dep>
          <dep type="nmod:from">
            <governor idx="13" copy="2">tower</governor>
            <dependent idx="22">water</dependent>
          </dep>
          <dep type="case">
            <governor idx="26">pond</governor>
            <dependent idx="23">of</dependent>
          </dep>
          <dep type="det">
            <governor idx="26">pond</governor>
            <dependent idx="24">a</dependent>
          </dep>
          <dep type="amod">
            <governor idx="26">pond</governor>
            <dependent idx="25">polluted</dependent>
          </dep>
          <dep type="nmod:of">
            <governor idx="22">water</governor>
            <dependent idx="26">pond</dependent>
          </dep>
          <dep type="punct">
            <governor idx="6">found</governor>
            <dependent idx="27">.</dependent>
          </dep>
        </dependencies>
        <dependencies type="enhanced-dependencies">
          <dep type="root">
            <governor idx="0">ROOT</governor>
            <dependent idx="6">found</dependent>
          </dep>
          <dep type="compound">
            <governor idx="3">volutans</governor>
            <dependent idx="1">Ecology</dependent>
          </dep>
          <dep type="compound">
            <governor idx="3">volutans</governor>
            <dependent idx="2">S.</dependent>
          </dep>
          <dep type="nsubjpass">
            <governor idx="6">found</governor>
            <dependent idx="3">volutans</dependent>
          </dep>
          <dep type="aux">
            <governor idx="6">found</governor>
            <dependent idx="4">has</dependent>
          </dep>
          <dep type="auxpass">
            <governor idx="6">found</governor>
            <dependent idx="5">been</dependent>
          </dep>
          <dep type="case">
            <governor idx="9">water</governor>
            <dependent idx="7">in</dependent>
          </dep>
          <dep type="det">
            <governor idx="9">water</governor>
            <dependent idx="8">the</dependent>
          </dep>
          <dep type="nmod:in">
            <governor idx="6">found</governor>
            <dependent idx="9">water</dependent>
          </dep>
          <dep type="case">
            <governor idx="13">tower</governor>
            <dependent idx="10">of</dependent>
          </dep>
          <dep type="det">
            <governor idx="13">tower</governor>
            <dependent idx="11">a</dependent>
          </dep>
          <dep type="amod">
            <governor idx="13">tower</governor>
            <dependent idx="12">cooling</dependent>
          </dep>
          <dep type="nmod:of">
            <governor idx="9">water</governor>
            <dependent idx="13">tower</dependent>
          </dep>
          <dep type="case">
            <governor idx="17">refinery</governor>
            <dependent idx="14">of</dependent>
          </dep>
          <dep type="det">
            <governor idx="17">refinery</governor>
            <dependent idx="15">a</dependent>
          </dep>
          <dep type="amod">
            <governor idx="17">refinery</governor>
            <dependent idx="16">sugar-beet</dependent>
          </dep>
          <dep type="nmod:of">
            <governor idx="13">tower</governor>
            <dependent idx="17">refinery</dependent>
          </dep>
          <dep type="case">
            <governor idx="19">England</governor>
            <dependent idx="18">in</dependent>
          </dep>
          <dep type="nmod:in">
            <governor idx="17">refinery</governor>
            <dependent idx="19">England</dependent>
          </dep>
          <dep type="cc">
            <governor idx="17">refinery</governor>
            <dependent idx="20">and</dependent>
          </dep>
          <dep type="case">
            <governor idx="22">water</governor>
            <dependent idx="21">from</dependent>
          </dep>
          <dep type="nmod:of" extra="true">
            <governor idx="13">tower</governor>
            <dependent idx="22">water</dependent>
          </dep>
          <dep type="conj:and">
            <governor idx="17">refinery</governor>
            <dependent idx="22">water</dependent>
          </dep>
          <dep type="case">
            <governor idx="26">pond</governor>
            <dependent idx="23">of</dependent>
          </dep>
          <dep type="det">
            <governor idx="26">pond</governor>
            <dependent idx="24">a</dependent>
          </dep>
          <dep type="amod">
            <governor idx="26">pond</governor>
            <dependent idx="25">polluted</dependent>
          </dep>
          <dep type="nmod:of">
            <governor idx="22">water</governor>
            <dependent idx="26">pond</dependent>
          </dep>
          <dep type="punct">
            <governor idx="6">found</governor>
            <dependent idx="27">.</dependent>
          </dep>
        </dependencies>
        <dependencies type="enhanced-plus-plus-dependencies">
          <dep type="root">
            <governor idx="0">ROOT</governor>
            <dependent idx="6">found</dependent>
          </dep>
          <dep type="compound">
            <governor idx="3">volutans</governor>
            <dependent idx="1">Ecology</dependent>
          </dep>
          <dep type="compound">
            <governor idx="3">volutans</governor>
            <dependent idx="2">S.</dependent>
          </dep>
          <dep type="nsubjpass">
            <governor idx="6">found</governor>
            <dependent idx="3">volutans</dependent>
          </dep>
          <dep type="aux">
            <governor idx="6">found</governor>
            <dependent idx="4">has</dependent>
          </dep>
          <dep type="auxpass">
            <governor idx="6">found</governor>
            <dependent idx="5">been</dependent>
          </dep>
          <dep type="case">
            <governor idx="9">water</governor>
            <dependent idx="7">in</dependent>
          </dep>
          <dep type="det">
            <governor idx="9">water</governor>
            <dependent idx="8">the</dependent>
          </dep>
          <dep type="nmod:in">
            <governor idx="6">found</governor>
            <dependent idx="9">water</dependent>
          </dep>
          <dep type="case">
            <governor idx="13">tower</governor>
            <dependent idx="10">of</dependent>
          </dep>
          <dep type="det">
            <governor idx="13">tower</governor>
            <dependent idx="11">a</dependent>
          </dep>
          <dep type="amod">
            <governor idx="13">tower</governor>
            <dependent idx="12">cooling</dependent>
          </dep>
          <dep type="nmod:of">
            <governor idx="9">water</governor>
            <dependent idx="13">tower</dependent>
          </dep>
          <dep type="nmod:of" extra="true">
            <governor idx="9">water</governor>
            <dependent idx="13" copy="3">tower</dependent>
          </dep>
          <dep type="conj:and">
            <governor idx="13">tower</governor>
            <dependent idx="13" copy="3">tower</dependent>
          </dep>
          <dep type="case">
            <governor idx="17">refinery</governor>
            <dependent idx="14">of</dependent>
          </dep>
          <dep type="det">
            <governor idx="17">refinery</governor>
            <dependent idx="15">a</dependent>
          </dep>
          <dep type="amod">
            <governor idx="17">refinery</governor>
            <dependent idx="16">sugar-beet</dependent>
          </dep>
          <dep type="nmod:of">
            <governor idx="13">tower</governor>
            <dependent idx="17">refinery</dependent>
          </dep>
          <dep type="case">
            <governor idx="19">England</governor>
            <dependent idx="18">in</dependent>
          </dep>
          <dep type="nmod:in">
            <governor idx="17">refinery</governor>
            <dependent idx="19">England</dependent>
          </dep>
          <dep type="cc">
            <governor idx="13">tower</governor>
            <dependent idx="20">and</dependent>
          </dep>
          <dep type="case">
            <governor idx="22">water</governor>
            <dependent idx="21">from</dependent>
          </dep>
          <dep type="nmod:from">
            <governor idx="13" copy="3">tower</governor>
            <dependent idx="22">water</dependent>
          </dep>
          <dep type="case">
            <governor idx="26">pond</governor>
            <dependent idx="23">of</dependent>
          </dep>
          <dep type="det">
            <governor idx="26">pond</governor>
            <dependent idx="24">a</dependent>
          </dep>
          <dep type="amod">
            <governor idx="26">pond</governor>
            <dependent idx="25">polluted</dependent>
          </dep>
          <dep type="nmod:of">
            <governor idx="22">water</governor>
            <dependent idx="26">pond</dependent>
          </dep>
          <dep type="punct">
            <governor idx="6">found</governor>
            <dependent idx="27">.</dependent>
          </dep>
        </dependencies>
      </sentence>
      <sentence id="4">
        <tokens>
          <token id="1">
            <word>It</word>
            <lemma>it</lemma>
            <CharacterOffsetBegin>388</CharacterOffsetBegin>
            <CharacterOffsetEnd>390</CharacterOffsetEnd>
            <POS>PRP</POS>
            <NER>O</NER>
            <Speaker>PER0</Speaker>
          </token>
          <token id="2">
            <word>is</word>
            <lemma>be</lemma>
            <CharacterOffsetBegin>391</CharacterOffsetBegin>
            <CharacterOffsetEnd>393</CharacterOffsetEnd>
            <POS>VBZ</POS>
            <NER>O</NER>
            <Speaker>PER0</Speaker>
          </token>
          <token id="3">
            <word>thought</word>
            <lemma>think</lemma>
            <CharacterOffsetBegin>394</CharacterOffsetBegin>
            <CharacterOffsetEnd>401</CharacterOffsetEnd>
            <POS>VBN</POS>
            <NER>O</NER>
            <Speaker>PER0</Speaker>
          </token>
          <token id="4">
            <word>that</word>
            <lemma>that</lemma>
            <CharacterOffsetBegin>402</CharacterOffsetBegin>
            <CharacterOffsetEnd>406</CharacterOffsetEnd>
            <POS>IN</POS>
            <NER>O</NER>
            <Speaker>PER0</Speaker>
          </token>
          <token id="5">
            <word>the</word>
            <lemma>the</lemma>
            <CharacterOffsetBegin>407</CharacterOffsetBegin>
            <CharacterOffsetEnd>410</CharacterOffsetEnd>
            <POS>DT</POS>
            <NER>O</NER>
            <Speaker>PER0</Speaker>
          </token>
          <token id="6">
            <word>bacterium</word>
            <lemma>bacterium</lemma>
            <CharacterOffsetBegin>411</CharacterOffsetBegin>
            <CharacterOffsetEnd>420</CharacterOffsetEnd>
            <POS>NN</POS>
            <NER>O</NER>
            <Speaker>PER0</Speaker>
          </token>
          <token id="7">
            <word>can</word>
            <lemma>can</lemma>
            <CharacterOffsetBegin>421</CharacterOffsetBegin>
            <CharacterOffsetEnd>424</CharacterOffsetEnd>
            <POS>MD</POS>
            <NER>O</NER>
            <Speaker>PER0</Speaker>
          </token>
          <token id="8">
            <word>be</word>
            <lemma>be</lemma>
            <CharacterOffsetBegin>425</CharacterOffsetBegin>
            <CharacterOffsetEnd>427</CharacterOffsetEnd>
            <POS>VB</POS>
            <NER>O</NER>
            <Speaker>PER0</Speaker>
          </token>
          <token id="9">
            <word>found</word>
            <lemma>find</lemma>
            <CharacterOffsetBegin>428</CharacterOffsetBegin>
            <CharacterOffsetEnd>433</CharacterOffsetEnd>
            <POS>VBN</POS>
            <NER>O</NER>
            <Speaker>PER0</Speaker>
          </token>
          <token id="10">
            <word>in</word>
            <lemma>in</lemma>
            <CharacterOffsetBegin>434</CharacterOffsetBegin>
            <CharacterOffsetEnd>436</CharacterOffsetEnd>
            <POS>IN</POS>
            <NER>O</NER>
            <Speaker>PER0</Speaker>
          </token>
          <token id="11">
            <word>many</word>
            <lemma>many</lemma>
            <CharacterOffsetBegin>437</CharacterOffsetBegin>
            <CharacterOffsetEnd>441</CharacterOffsetEnd>
            <POS>JJ</POS>
            <NER>O</NER>
            <Speaker>PER0</Speaker>
          </token>
          <token id="12">
            <word>bodies</word>
            <lemma>body</lemma>
            <CharacterOffsetBegin>442</CharacterOffsetBegin>
            <CharacterOffsetEnd>448</CharacterOffsetEnd>
            <POS>NNS</POS>
            <NER>O</NER>
            <Speaker>PER0</Speaker>
          </token>
          <token id="13">
            <word>of</word>
            <lemma>of</lemma>
            <CharacterOffsetBegin>449</CharacterOffsetBegin>
            <CharacterOffsetEnd>451</CharacterOffsetEnd>
            <POS>IN</POS>
            <NER>O</NER>
            <Speaker>PER0</Speaker>
          </token>
          <token id="14">
            <word>stagnant</word>
            <lemma>stagnant</lemma>
            <CharacterOffsetBegin>452</CharacterOffsetBegin>
            <CharacterOffsetEnd>460</CharacterOffsetEnd>
            <POS>JJ</POS>
            <NER>O</NER>
            <Speaker>PER0</Speaker>
          </token>
          <token id="15">
            <word>water</word>
            <lemma>water</lemma>
            <CharacterOffsetBegin>461</CharacterOffsetBegin>
            <CharacterOffsetEnd>466</CharacterOffsetEnd>
            <POS>NN</POS>
            <NER>O</NER>
            <Speaker>PER0</Speaker>
          </token>
          <token id="16">
            <word>.</word>
            <lemma>.</lemma>
            <CharacterOffsetBegin>466</CharacterOffsetBegin>
            <CharacterOffsetEnd>467</CharacterOffsetEnd>
            <POS>.</POS>
            <NER>O</NER>
            <Speaker>PER0</Speaker>
          </token>
        </tokens>
        <dependencies type="basic-dependencies">
          <dep type="root">
            <governor idx="0">ROOT</governor>
            <dependent idx="3">thought</dependent>
          </dep>
          <dep type="nsubjpass">
            <governor idx="3">thought</governor>
            <dependent idx="1">It</dependent>
          </dep>
          <dep type="auxpass">
            <governor idx="3">thought</governor>
            <dependent idx="2">is</dependent>
          </dep>
          <dep type="mark">
            <governor idx="9">found</governor>
            <dependent idx="4">that</dependent>
          </dep>
          <dep type="det">
            <governor idx="6">bacterium</governor>
            <dependent idx="5">the</dependent>
          </dep>
          <dep type="nsubjpass">
            <governor idx="9">found</governor>
            <dependent idx="6">bacterium</dependent>
          </dep>
          <dep type="aux">
            <governor idx="9">found</governor>
            <dependent idx="7">can</dependent>
          </dep>
          <dep type="auxpass">
            <governor idx="9">found</governor>
            <dependent idx="8">be</dependent>
          </dep>
          <dep type="ccomp">
            <governor idx="3">thought</governor>
            <dependent idx="9">found</dependent>
          </dep>
          <dep type="case">
            <governor idx="12">bodies</governor>
            <dependent idx="10">in</dependent>
          </dep>
          <dep type="amod">
            <governor idx="12">bodies</governor>
            <dependent idx="11">many</dependent>
          </dep>
          <dep type="nmod">
            <governor idx="9">found</governor>
            <dependent idx="12">bodies</dependent>
          </dep>
          <dep type="case">
            <governor idx="15">water</governor>
            <dependent idx="13">of</dependent>
          </dep>
          <dep type="amod">
            <governor idx="15">water</governor>
            <dependent idx="14">stagnant</dependent>
          </dep>
          <dep type="nmod">
            <governor idx="12">bodies</governor>
            <dependent idx="15">water</dependent>
          </dep>
          <dep type="punct">
            <governor idx="3">thought</governor>
            <dependent idx="16">.</dependent>
          </dep>
        </dependencies>
        <dependencies type="collapsed-dependencies">
          <dep type="root">
            <governor idx="0">ROOT</governor>
            <dependent idx="3">thought</dependent>
          </dep>
          <dep type="nsubjpass">
            <governor idx="3">thought</governor>
            <dependent idx="1">It</dependent>
          </dep>
          <dep type="auxpass">
            <governor idx="3">thought</governor>
            <dependent idx="2">is</dependent>
          </dep>
          <dep type="mark">
            <governor idx="9">found</governor>
            <dependent idx="4">that</dependent>
          </dep>
          <dep type="det">
            <governor idx="6">bacterium</governor>
            <dependent idx="5">the</dependent>
          </dep>
          <dep type="nsubjpass">
            <governor idx="9">found</governor>
            <dependent idx="6">bacterium</dependent>
          </dep>
          <dep type="aux">
            <governor idx="9">found</governor>
            <dependent idx="7">can</dependent>
          </dep>
          <dep type="auxpass">
            <governor idx="9">found</governor>
            <dependent idx="8">be</dependent>
          </dep>
          <dep type="ccomp">
            <governor idx="3">thought</governor>
            <dependent idx="9">found</dependent>
          </dep>
          <dep type="case">
            <governor idx="12">bodies</governor>
            <dependent idx="10">in</dependent>
          </dep>
          <dep type="amod">
            <governor idx="12">bodies</governor>
            <dependent idx="11">many</dependent>
          </dep>
          <dep type="nmod:in">
            <governor idx="9">found</governor>
            <dependent idx="12">bodies</dependent>
          </dep>
          <dep type="case">
            <governor idx="15">water</governor>
            <dependent idx="13">of</dependent>
          </dep>
          <dep type="amod">
            <governor idx="15">water</governor>
            <dependent idx="14">stagnant</dependent>
          </dep>
          <dep type="nmod:of">
            <governor idx="12">bodies</governor>
            <dependent idx="15">water</dependent>
          </dep>
          <dep type="punct">
            <governor idx="3">thought</governor>
            <dependent idx="16">.</dependent>
          </dep>
        </dependencies>
        <dependencies type="collapsed-ccprocessed-dependencies">
          <dep type="root">
            <governor idx="0">ROOT</governor>
            <dependent idx="3">thought</dependent>
          </dep>
          <dep type="nsubjpass">
            <governor idx="3">thought</governor>
            <dependent idx="1">It</dependent>
          </dep>
          <dep type="auxpass">
            <governor idx="3">thought</governor>
            <dependent idx="2">is</dependent>
          </dep>
          <dep type="mark">
            <governor idx="9">found</governor>
            <dependent idx="4">that</dependent>
          </dep>
          <dep type="det">
            <governor idx="6">bacterium</governor>
            <dependent idx="5">the</dependent>
          </dep>
          <dep type="nsubjpass">
            <governor idx="9">found</governor>
            <dependent idx="6">bacterium</dependent>
          </dep>
          <dep type="aux">
            <governor idx="9">found</governor>
            <dependent idx="7">can</dependent>
          </dep>
          <dep type="auxpass">
            <governor idx="9">found</governor>
            <dependent idx="8">be</dependent>
          </dep>
          <dep type="ccomp">
            <governor idx="3">thought</governor>
            <dependent idx="9">found</dependent>
          </dep>
          <dep type="case">
            <governor idx="12">bodies</governor>
            <dependent idx="10">in</dependent>
          </dep>
          <dep type="amod">
            <governor idx="12">bodies</governor>
            <dependent idx="11">many</dependent>
          </dep>
          <dep type="nmod:in">
            <governor idx="9">found</governor>
            <dependent idx="12">bodies</dependent>
          </dep>
          <dep type="case">
            <governor idx="15">water</governor>
            <dependent idx="13">of</dependent>
          </dep>
          <dep type="amod">
            <governor idx="15">water</governor>
            <dependent idx="14">stagnant</dependent>
          </dep>
          <dep type="nmod:of">
            <governor idx="12">bodies</governor>
            <dependent idx="15">water</dependent>
          </dep>
          <dep type="punct">
            <governor idx="3">thought</governor>
            <dependent idx="16">.</dependent>
          </dep>
        </dependencies>
        <dependencies type="enhanced-dependencies">
          <dep type="root">
            <governor idx="0">ROOT</governor>
            <dependent idx="3">thought</dependent>
          </dep>
          <dep type="nsubjpass">
            <governor idx="3">thought</governor>
            <dependent idx="1">It</dependent>
          </dep>
          <dep type="auxpass">
            <governor idx="3">thought</governor>
            <dependent idx="2">is</dependent>
          </dep>
          <dep type="mark">
            <governor idx="9">found</governor>
            <dependent idx="4">that</dependent>
          </dep>
          <dep type="det">
            <governor idx="6">bacterium</governor>
            <dependent idx="5">the</dependent>
          </dep>
          <dep type="nsubjpass">
            <governor idx="9">found</governor>
            <dependent idx="6">bacterium</dependent>
          </dep>
          <dep type="aux">
            <governor idx="9">found</governor>
            <dependent idx="7">can</dependent>
          </dep>
          <dep type="auxpass">
            <governor idx="9">found</governor>
            <dependent idx="8">be</dependent>
          </dep>
          <dep type="ccomp">
            <governor idx="3">thought</governor>
            <dependent idx="9">found</dependent>
          </dep>
          <dep type="case">
            <governor idx="12">bodies</governor>
            <dependent idx="10">in</dependent>
          </dep>
          <dep type="amod">
            <governor idx="12">bodies</governor>
            <dependent idx="11">many</dependent>
          </dep>
          <dep type="nmod:in">
            <governor idx="9">found</governor>
            <dependent idx="12">bodies</dependent>
          </dep>
          <dep type="case">
            <governor idx="15">water</governor>
            <dependent idx="13">of</dependent>
          </dep>
          <dep type="amod">
            <governor idx="15">water</governor>
            <dependent idx="14">stagnant</dependent>
          </dep>
          <dep type="nmod:of">
            <governor idx="12">bodies</governor>
            <dependent idx="15">water</dependent>
          </dep>
          <dep type="punct">
            <governor idx="3">thought</governor>
            <dependent idx="16">.</dependent>
          </dep>
        </dependencies>
        <dependencies type="enhanced-plus-plus-dependencies">
          <dep type="root">
            <governor idx="0">ROOT</governor>
            <dependent idx="3">thought</dependent>
          </dep>
          <dep type="nsubjpass">
            <governor idx="3">thought</governor>
            <dependent idx="1">It</dependent>
          </dep>
          <dep type="auxpass">
            <governor idx="3">thought</governor>
            <dependent idx="2">is</dependent>
          </dep>
          <dep type="mark">
            <governor idx="9">found</governor>
            <dependent idx="4">that</dependent>
          </dep>
          <dep type="det">
            <governor idx="6">bacterium</governor>
            <dependent idx="5">the</dependent>
          </dep>
          <dep type="nsubjpass">
            <governor idx="9">found</governor>
            <dependent idx="6">bacterium</dependent>
          </dep>
          <dep type="aux">
            <governor idx="9">found</governor>
            <dependent idx="7">can</dependent>
          </dep>
          <dep type="auxpass">
            <governor idx="9">found</governor>
            <dependent idx="8">be</dependent>
          </dep>
          <dep type="ccomp">
            <governor idx="3">thought</governor>
            <dependent idx="9">found</dependent>
          </dep>
          <dep type="case">
            <governor idx="12">bodies</governor>
            <dependent idx="10">in</dependent>
          </dep>
          <dep type="amod">
            <governor idx="12">bodies</governor>
            <dependent idx="11">many</dependent>
          </dep>
          <dep type="nmod:in">
            <governor idx="9">found</governor>
            <dependent idx="12">bodies</dependent>
          </dep>
          <dep type="case">
            <governor idx="15">water</governor>
            <dependent idx="13">of</dependent>
          </dep>
          <dep type="amod">
            <governor idx="15">water</governor>
            <dependent idx="14">stagnant</dependent>
          </dep>
          <dep type="nmod:of">
            <governor idx="12">bodies</governor>
            <dependent idx="15">water</dependent>
          </dep>
          <dep type="punct">
            <governor idx="3">thought</governor>
            <dependent idx="16">.</dependent>
          </dep>
        </dependencies>
      </sentence>
    </sentences>
    <coreference>
      <coreference>
        <mention representative="true">
          <sentence>3</sentence>
          <start>1</start>
          <end>4</end>
          <head>3</head>
          <text>Ecology S. volutans</text>
        </mention>
        <mention>
          <sentence>2</sentence>
          <start>1</start>
          <end>3</end>
          <head>2</head>
          <text>S. volutans</text>
        </mention>
      </coreference>
    </coreference>
  </document>
</root>
