<?xml version="1.0" encoding="UTF-8"?>
<?xml-stylesheet href="CoreNLP-to-HTML.xsl" type="text/xsl"?>
<root>
  <document>
    <docId>BTID-50066.txt</docId>
    <sentences>
      <sentence id="1">
        <tokens>
          <token id="1">
            <word>Desulfovibrio</word>
            <lemma>desulfovibrio</lemma>
            <CharacterOffsetBegin>0</CharacterOffsetBegin>
            <CharacterOffsetEnd>13</CharacterOffsetEnd>
            <POS>NN</POS>
            <NER>PERSON</NER>
            <Speaker>PER0</Speaker>
          </token>
          <token id="2">
            <word>vulgaris</word>
            <lemma>vulgaris</lemma>
            <CharacterOffsetBegin>14</CharacterOffsetBegin>
            <CharacterOffsetEnd>22</CharacterOffsetEnd>
            <POS>NN</POS>
            <NER>O</NER>
            <Speaker>PER0</Speaker>
          </token>
          <token id="3">
            <word>Desulfovibrio</word>
            <lemma>desulfovibrio</lemma>
            <CharacterOffsetBegin>23</CharacterOffsetBegin>
            <CharacterOffsetEnd>36</CharacterOffsetEnd>
            <POS>NN</POS>
            <NER>PERSON</NER>
            <Speaker>PER0</Speaker>
          </token>
          <token id="4">
            <word>vulgaris</word>
            <lemma>vulgaris</lemma>
            <CharacterOffsetBegin>37</CharacterOffsetBegin>
            <CharacterOffsetEnd>45</CharacterOffsetEnd>
            <POS>NN</POS>
            <NER>O</NER>
            <Speaker>PER0</Speaker>
          </token>
          <token id="5">
            <word>breaks</word>
            <lemma>break</lemma>
            <CharacterOffsetBegin>46</CharacterOffsetBegin>
            <CharacterOffsetEnd>52</CharacterOffsetEnd>
            <POS>NNS</POS>
            <NER>O</NER>
            <Speaker>PER0</Speaker>
          </token>
          <token id="6">
            <word>down</word>
            <lemma>down</lemma>
            <CharacterOffsetBegin>53</CharacterOffsetBegin>
            <CharacterOffsetEnd>57</CharacterOffsetEnd>
            <POS>IN</POS>
            <NER>O</NER>
            <Speaker>PER0</Speaker>
          </token>
          <token id="7">
            <word>metals</word>
            <lemma>metal</lemma>
            <CharacterOffsetBegin>58</CharacterOffsetBegin>
            <CharacterOffsetEnd>64</CharacterOffsetEnd>
            <POS>NNS</POS>
            <NER>O</NER>
            <Speaker>PER0</Speaker>
          </token>
          <token id="8">
            <word>and</word>
            <lemma>and</lemma>
            <CharacterOffsetBegin>65</CharacterOffsetBegin>
            <CharacterOffsetEnd>68</CharacterOffsetEnd>
            <POS>CC</POS>
            <NER>O</NER>
            <Speaker>PER0</Speaker>
          </token>
          <token id="9">
            <word>can</word>
            <lemma>can</lemma>
            <CharacterOffsetBegin>69</CharacterOffsetBegin>
            <CharacterOffsetEnd>72</CharacterOffsetEnd>
            <POS>MD</POS>
            <NER>O</NER>
            <Speaker>PER0</Speaker>
          </token>
          <token id="10">
            <word>corrode</word>
            <lemma>corrode</lemma>
            <CharacterOffsetBegin>73</CharacterOffsetBegin>
            <CharacterOffsetEnd>80</CharacterOffsetEnd>
            <POS>VB</POS>
            <NER>O</NER>
            <Speaker>PER0</Speaker>
          </token>
          <token id="11">
            <word>machinery</word>
            <lemma>machinery</lemma>
            <CharacterOffsetBegin>81</CharacterOffsetBegin>
            <CharacterOffsetEnd>90</CharacterOffsetEnd>
            <POS>NN</POS>
            <NER>O</NER>
            <Speaker>PER0</Speaker>
          </token>
          <token id="12">
            <word>,</word>
            <lemma>,</lemma>
            <CharacterOffsetBegin>90</CharacterOffsetBegin>
            <CharacterOffsetEnd>91</CharacterOffsetEnd>
            <POS>,</POS>
            <NER>O</NER>
            <Speaker>PER0</Speaker>
          </token>
          <token id="13">
            <word>it</word>
            <lemma>it</lemma>
            <CharacterOffsetBegin>92</CharacterOffsetBegin>
            <CharacterOffsetEnd>94</CharacterOffsetEnd>
            <POS>PRP</POS>
            <NER>O</NER>
            <Speaker>PER0</Speaker>
          </token>
          <token id="14">
            <word>also</word>
            <lemma>also</lemma>
            <CharacterOffsetBegin>95</CharacterOffsetBegin>
            <CharacterOffsetEnd>99</CharacterOffsetEnd>
            <POS>RB</POS>
            <NER>O</NER>
            <Speaker>PER0</Speaker>
          </token>
          <token id="15">
            <word>breaks</word>
            <lemma>break</lemma>
            <CharacterOffsetBegin>100</CharacterOffsetBegin>
            <CharacterOffsetEnd>106</CharacterOffsetEnd>
            <POS>VBZ</POS>
            <NER>O</NER>
            <Speaker>PER0</Speaker>
          </token>
          <token id="16">
            <word>down</word>
            <lemma>down</lemma>
            <CharacterOffsetBegin>107</CharacterOffsetBegin>
            <CharacterOffsetEnd>111</CharacterOffsetEnd>
            <POS>RP</POS>
            <NER>O</NER>
            <Speaker>PER0</Speaker>
          </token>
          <token id="17">
            <word>pollutants</word>
            <lemma>pollutant</lemma>
            <CharacterOffsetBegin>112</CharacterOffsetBegin>
            <CharacterOffsetEnd>122</CharacterOffsetEnd>
            <POS>NNS</POS>
            <NER>O</NER>
            <Speaker>PER0</Speaker>
          </token>
          <token id="18">
            <word>and</word>
            <lemma>and</lemma>
            <CharacterOffsetBegin>123</CharacterOffsetBegin>
            <CharacterOffsetEnd>126</CharacterOffsetEnd>
            <POS>CC</POS>
            <NER>O</NER>
            <Speaker>PER0</Speaker>
          </token>
          <token id="19">
            <word>could</word>
            <lemma>could</lemma>
            <CharacterOffsetBegin>127</CharacterOffsetBegin>
            <CharacterOffsetEnd>132</CharacterOffsetEnd>
            <POS>MD</POS>
            <NER>O</NER>
            <Speaker>PER0</Speaker>
          </token>
          <token id="20">
            <word>potentially</word>
            <lemma>potentially</lemma>
            <CharacterOffsetBegin>133</CharacterOffsetBegin>
            <CharacterOffsetEnd>144</CharacterOffsetEnd>
            <POS>RB</POS>
            <NER>O</NER>
            <Speaker>PER0</Speaker>
          </token>
          <token id="21">
            <word>clean</word>
            <lemma>clean</lemma>
            <CharacterOffsetBegin>145</CharacterOffsetBegin>
            <CharacterOffsetEnd>150</CharacterOffsetEnd>
            <POS>VB</POS>
            <NER>O</NER>
            <Speaker>PER0</Speaker>
          </token>
          <token id="22">
            <word>up</word>
            <lemma>up</lemma>
            <CharacterOffsetBegin>151</CharacterOffsetBegin>
            <CharacterOffsetEnd>153</CharacterOffsetEnd>
            <POS>RP</POS>
            <NER>O</NER>
            <Speaker>PER0</Speaker>
          </token>
          <token id="23">
            <word>environmental</word>
            <lemma>environmental</lemma>
            <CharacterOffsetBegin>154</CharacterOffsetBegin>
            <CharacterOffsetEnd>167</CharacterOffsetEnd>
            <POS>JJ</POS>
            <NER>O</NER>
            <Speaker>PER0</Speaker>
          </token>
          <token id="24">
            <word>toxins</word>
            <lemma>toxin</lemma>
            <CharacterOffsetBegin>168</CharacterOffsetBegin>
            <CharacterOffsetEnd>174</CharacterOffsetEnd>
            <POS>NNS</POS>
            <NER>O</NER>
            <Speaker>PER0</Speaker>
          </token>
          <token id="25">
            <word>Desulfovibrio</word>
            <lemma>desulfovibrio</lemma>
            <CharacterOffsetBegin>175</CharacterOffsetBegin>
            <CharacterOffsetEnd>188</CharacterOffsetEnd>
            <POS>NN</POS>
            <NER>O</NER>
            <Speaker>PER0</Speaker>
          </token>
          <token id="26">
            <word>vulgaris</word>
            <lemma>vulgaris</lemma>
            <CharacterOffsetBegin>189</CharacterOffsetBegin>
            <CharacterOffsetEnd>197</CharacterOffsetEnd>
            <POS>NN</POS>
            <NER>O</NER>
            <Speaker>PER0</Speaker>
          </token>
          <token id="27">
            <word>is</word>
            <lemma>be</lemma>
            <CharacterOffsetBegin>198</CharacterOffsetBegin>
            <CharacterOffsetEnd>200</CharacterOffsetEnd>
            <POS>VBZ</POS>
            <NER>O</NER>
            <Speaker>PER0</Speaker>
          </token>
          <token id="28">
            <word>a</word>
            <lemma>a</lemma>
            <CharacterOffsetBegin>201</CharacterOffsetBegin>
            <CharacterOffsetEnd>202</CharacterOffsetEnd>
            <POS>DT</POS>
            <NER>O</NER>
            <Speaker>PER0</Speaker>
          </token>
          <token id="29">
            <word>Gram-negative</word>
            <lemma>gram-negative</lemma>
            <CharacterOffsetBegin>203</CharacterOffsetBegin>
            <CharacterOffsetEnd>216</CharacterOffsetEnd>
            <POS>JJ</POS>
            <NER>MISC</NER>
            <Speaker>PER0</Speaker>
          </token>
          <token id="30">
            <word>,</word>
            <lemma>,</lemma>
            <CharacterOffsetBegin>217</CharacterOffsetBegin>
            <CharacterOffsetEnd>218</CharacterOffsetEnd>
            <POS>,</POS>
            <NER>O</NER>
            <Speaker>PER0</Speaker>
          </token>
          <token id="31">
            <word>anaerobic</word>
            <lemma>anaerobic</lemma>
            <CharacterOffsetBegin>219</CharacterOffsetBegin>
            <CharacterOffsetEnd>228</CharacterOffsetEnd>
            <POS>JJ</POS>
            <NER>O</NER>
            <Speaker>PER0</Speaker>
          </token>
          <token id="32">
            <word>,</word>
            <lemma>,</lemma>
            <CharacterOffsetBegin>228</CharacterOffsetBegin>
            <CharacterOffsetEnd>229</CharacterOffsetEnd>
            <POS>,</POS>
            <NER>O</NER>
            <Speaker>PER0</Speaker>
          </token>
          <token id="33">
            <word>non-spore</word>
            <lemma>non-spore</lemma>
            <CharacterOffsetBegin>230</CharacterOffsetBegin>
            <CharacterOffsetEnd>239</CharacterOffsetEnd>
            <POS>JJ</POS>
            <NER>O</NER>
            <Speaker>PER0</Speaker>
          </token>
          <token id="34">
            <word>forming</word>
            <lemma>form</lemma>
            <CharacterOffsetBegin>240</CharacterOffsetBegin>
            <CharacterOffsetEnd>247</CharacterOffsetEnd>
            <POS>VBG</POS>
            <NER>O</NER>
            <Speaker>PER0</Speaker>
          </token>
          <token id="35">
            <word>,</word>
            <lemma>,</lemma>
            <CharacterOffsetBegin>247</CharacterOffsetBegin>
            <CharacterOffsetEnd>248</CharacterOffsetEnd>
            <POS>,</POS>
            <NER>O</NER>
            <Speaker>PER0</Speaker>
          </token>
          <token id="36">
            <word>curved</word>
            <lemma>curved</lemma>
            <CharacterOffsetBegin>249</CharacterOffsetBegin>
            <CharacterOffsetEnd>255</CharacterOffsetEnd>
            <POS>JJ</POS>
            <NER>O</NER>
            <Speaker>PER0</Speaker>
          </token>
          <token id="37">
            <word>rod-shaped</word>
            <lemma>rod-shaped</lemma>
            <CharacterOffsetBegin>256</CharacterOffsetBegin>
            <CharacterOffsetEnd>266</CharacterOffsetEnd>
            <POS>JJ</POS>
            <NER>O</NER>
            <Speaker>PER0</Speaker>
          </token>
          <token id="38">
            <word>bacteria</word>
            <lemma>bacterium</lemma>
            <CharacterOffsetBegin>267</CharacterOffsetBegin>
            <CharacterOffsetEnd>275</CharacterOffsetEnd>
            <POS>NNS</POS>
            <NER>O</NER>
            <Speaker>PER0</Speaker>
          </token>
          <token id="39">
            <word>,</word>
            <lemma>,</lemma>
            <CharacterOffsetBegin>275</CharacterOffsetBegin>
            <CharacterOffsetEnd>276</CharacterOffsetEnd>
            <POS>,</POS>
            <NER>O</NER>
            <Speaker>PER0</Speaker>
          </token>
          <token id="40">
            <word>0.7</word>
            <lemma>0.7</lemma>
            <CharacterOffsetBegin>277</CharacterOffsetBegin>
            <CharacterOffsetEnd>280</CharacterOffsetEnd>
            <POS>CD</POS>
            <NER>NUMBER</NER>
            <NormalizedNER>0.7</NormalizedNER>
            <Speaker>PER0</Speaker>
          </token>
          <token id="41">
            <word>um</word>
            <lemma>um</lemma>
            <CharacterOffsetBegin>281</CharacterOffsetBegin>
            <CharacterOffsetEnd>283</CharacterOffsetEnd>
            <POS>NN</POS>
            <NER>O</NER>
            <Speaker>PER0</Speaker>
          </token>
          <token id="42">
            <word>in</word>
            <lemma>in</lemma>
            <CharacterOffsetBegin>284</CharacterOffsetBegin>
            <CharacterOffsetEnd>286</CharacterOffsetEnd>
            <POS>IN</POS>
            <NER>O</NER>
            <Speaker>PER0</Speaker>
          </token>
          <token id="43">
            <word>cell</word>
            <lemma>cell</lemma>
            <CharacterOffsetBegin>287</CharacterOffsetBegin>
            <CharacterOffsetEnd>291</CharacterOffsetEnd>
            <POS>NN</POS>
            <NER>O</NER>
            <Speaker>PER0</Speaker>
          </token>
          <token id="44">
            <word>diameter</word>
            <lemma>diameter</lemma>
            <CharacterOffsetBegin>292</CharacterOffsetBegin>
            <CharacterOffsetEnd>300</CharacterOffsetEnd>
            <POS>NN</POS>
            <NER>O</NER>
            <Speaker>PER0</Speaker>
          </token>
          <token id="45">
            <word>,</word>
            <lemma>,</lemma>
            <CharacterOffsetBegin>300</CharacterOffsetBegin>
            <CharacterOffsetEnd>301</CharacterOffsetEnd>
            <POS>,</POS>
            <NER>O</NER>
            <Speaker>PER0</Speaker>
          </token>
          <token id="46">
            <word>isolated</word>
            <lemma>isolate</lemma>
            <CharacterOffsetBegin>302</CharacterOffsetBegin>
            <CharacterOffsetEnd>310</CharacterOffsetEnd>
            <POS>VBN</POS>
            <NER>O</NER>
            <Speaker>PER0</Speaker>
          </token>
          <token id="47">
            <word>from</word>
            <lemma>from</lemma>
            <CharacterOffsetBegin>311</CharacterOffsetBegin>
            <CharacterOffsetEnd>315</CharacterOffsetEnd>
            <POS>IN</POS>
            <NER>O</NER>
            <Speaker>PER0</Speaker>
          </token>
          <token id="48">
            <word>soil</word>
            <lemma>soil</lemma>
            <CharacterOffsetBegin>316</CharacterOffsetBegin>
            <CharacterOffsetEnd>320</CharacterOffsetEnd>
            <POS>NN</POS>
            <NER>O</NER>
            <Speaker>PER0</Speaker>
          </token>
          <token id="49">
            <word>,</word>
            <lemma>,</lemma>
            <CharacterOffsetBegin>320</CharacterOffsetBegin>
            <CharacterOffsetEnd>321</CharacterOffsetEnd>
            <POS>,</POS>
            <NER>O</NER>
            <Speaker>PER0</Speaker>
          </token>
          <token id="50">
            <word>animal</word>
            <lemma>animal</lemma>
            <CharacterOffsetBegin>322</CharacterOffsetBegin>
            <CharacterOffsetEnd>328</CharacterOffsetEnd>
            <POS>NN</POS>
            <NER>O</NER>
            <Speaker>PER0</Speaker>
          </token>
          <token id="51">
            <word>intestines</word>
            <lemma>intestine</lemma>
            <CharacterOffsetBegin>329</CharacterOffsetBegin>
            <CharacterOffsetEnd>339</CharacterOffsetEnd>
            <POS>NNS</POS>
            <NER>O</NER>
            <Speaker>PER0</Speaker>
          </token>
          <token id="52">
            <word>and</word>
            <lemma>and</lemma>
            <CharacterOffsetBegin>340</CharacterOffsetBegin>
            <CharacterOffsetEnd>343</CharacterOffsetEnd>
            <POS>CC</POS>
            <NER>O</NER>
            <Speaker>PER0</Speaker>
          </token>
          <token id="53">
            <word>feces</word>
            <lemma>fece</lemma>
            <CharacterOffsetBegin>344</CharacterOffsetBegin>
            <CharacterOffsetEnd>349</CharacterOffsetEnd>
            <POS>NNS</POS>
            <NER>O</NER>
            <Speaker>PER0</Speaker>
          </token>
          <token id="54">
            <word>,</word>
            <lemma>,</lemma>
            <CharacterOffsetBegin>349</CharacterOffsetBegin>
            <CharacterOffsetEnd>350</CharacterOffsetEnd>
            <POS>,</POS>
            <NER>O</NER>
            <Speaker>PER0</Speaker>
          </token>
          <token id="55">
            <word>and</word>
            <lemma>and</lemma>
            <CharacterOffsetBegin>351</CharacterOffsetBegin>
            <CharacterOffsetEnd>354</CharacterOffsetEnd>
            <POS>CC</POS>
            <NER>O</NER>
            <Speaker>PER0</Speaker>
          </token>
          <token id="56">
            <word>fresh</word>
            <lemma>fresh</lemma>
            <CharacterOffsetBegin>355</CharacterOffsetBegin>
            <CharacterOffsetEnd>360</CharacterOffsetEnd>
            <POS>JJ</POS>
            <NER>O</NER>
            <Speaker>PER0</Speaker>
          </token>
          <token id="57">
            <word>and</word>
            <lemma>and</lemma>
            <CharacterOffsetBegin>361</CharacterOffsetBegin>
            <CharacterOffsetEnd>364</CharacterOffsetEnd>
            <POS>CC</POS>
            <NER>O</NER>
            <Speaker>PER0</Speaker>
          </token>
          <token id="58">
            <word>salt</word>
            <lemma>salt</lemma>
            <CharacterOffsetBegin>365</CharacterOffsetBegin>
            <CharacterOffsetEnd>369</CharacterOffsetEnd>
            <POS>NN</POS>
            <NER>O</NER>
            <Speaker>PER0</Speaker>
          </token>
          <token id="59">
            <word>water</word>
            <lemma>water</lemma>
            <CharacterOffsetBegin>370</CharacterOffsetBegin>
            <CharacterOffsetEnd>375</CharacterOffsetEnd>
            <POS>NN</POS>
            <NER>O</NER>
            <Speaker>PER0</Speaker>
          </token>
          <token id="60">
            <word>.</word>
            <lemma>.</lemma>
            <CharacterOffsetBegin>375</CharacterOffsetBegin>
            <CharacterOffsetEnd>376</CharacterOffsetEnd>
            <POS>.</POS>
            <NER>O</NER>
            <Speaker>PER0</Speaker>
          </token>
        </tokens>
        <dependencies type="basic-dependencies">
          <dep type="root">
            <governor idx="0">ROOT</governor>
            <dependent idx="34">forming</dependent>
          </dep>
          <dep type="compound">
            <governor idx="5">breaks</governor>
            <dependent idx="1">Desulfovibrio</dependent>
          </dep>
          <dep type="compound">
            <governor idx="5">breaks</governor>
            <dependent idx="2">vulgaris</dependent>
          </dep>
          <dep type="compound">
            <governor idx="5">breaks</governor>
            <dependent idx="3">Desulfovibrio</dependent>
          </dep>
          <dep type="compound">
            <governor idx="5">breaks</governor>
            <dependent idx="4">vulgaris</dependent>
          </dep>
          <dep type="ccomp">
            <governor idx="15">breaks</governor>
            <dependent idx="5">breaks</dependent>
          </dep>
          <dep type="case">
            <governor idx="7">metals</governor>
            <dependent idx="6">down</dependent>
          </dep>
          <dep type="nmod">
            <governor idx="5">breaks</governor>
            <dependent idx="7">metals</dependent>
          </dep>
          <dep type="cc">
            <governor idx="5">breaks</governor>
            <dependent idx="8">and</dependent>
          </dep>
          <dep type="aux">
            <governor idx="10">corrode</governor>
            <dependent idx="9">can</dependent>
          </dep>
          <dep type="conj">
            <governor idx="5">breaks</governor>
            <dependent idx="10">corrode</dependent>
          </dep>
          <dep type="dobj">
            <governor idx="10">corrode</governor>
            <dependent idx="11">machinery</dependent>
          </dep>
          <dep type="punct">
            <governor idx="15">breaks</governor>
            <dependent idx="12">,</dependent>
          </dep>
          <dep type="nsubj">
            <governor idx="15">breaks</governor>
            <dependent idx="13">it</dependent>
          </dep>
          <dep type="advmod">
            <governor idx="15">breaks</governor>
            <dependent idx="14">also</dependent>
          </dep>
          <dep type="nsubj">
            <governor idx="34">forming</governor>
            <dependent idx="15">breaks</dependent>
          </dep>
          <dep type="compound:prt">
            <governor idx="15">breaks</governor>
            <dependent idx="16">down</dependent>
          </dep>
          <dep type="dobj">
            <governor idx="15">breaks</governor>
            <dependent idx="17">pollutants</dependent>
          </dep>
          <dep type="cc">
            <governor idx="15">breaks</governor>
            <dependent idx="18">and</dependent>
          </dep>
          <dep type="aux">
            <governor idx="21">clean</governor>
            <dependent idx="19">could</dependent>
          </dep>
          <dep type="advmod">
            <governor idx="21">clean</governor>
            <dependent idx="20">potentially</dependent>
          </dep>
          <dep type="conj">
            <governor idx="15">breaks</governor>
            <dependent idx="21">clean</dependent>
          </dep>
          <dep type="compound:prt">
            <governor idx="21">clean</governor>
            <dependent idx="22">up</dependent>
          </dep>
          <dep type="amod">
            <governor idx="26">vulgaris</governor>
            <dependent idx="23">environmental</dependent>
          </dep>
          <dep type="compound">
            <governor idx="26">vulgaris</governor>
            <dependent idx="24">toxins</dependent>
          </dep>
          <dep type="compound">
            <governor idx="26">vulgaris</governor>
            <dependent idx="25">Desulfovibrio</dependent>
          </dep>
          <dep type="dobj">
            <governor idx="21">clean</governor>
            <dependent idx="26">vulgaris</dependent>
          </dep>
          <dep type="cop">
            <governor idx="34">forming</governor>
            <dependent idx="27">is</dependent>
          </dep>
          <dep type="det">
            <governor idx="34">forming</governor>
            <dependent idx="28">a</dependent>
          </dep>
          <dep type="amod">
            <governor idx="34">forming</governor>
            <dependent idx="29">Gram-negative</dependent>
          </dep>
          <dep type="punct">
            <governor idx="29">Gram-negative</governor>
            <dependent idx="30">,</dependent>
          </dep>
          <dep type="dep">
            <governor idx="29">Gram-negative</governor>
            <dependent idx="31">anaerobic</dependent>
          </dep>
          <dep type="punct">
            <governor idx="29">Gram-negative</governor>
            <dependent idx="32">,</dependent>
          </dep>
          <dep type="dep">
            <governor idx="29">Gram-negative</governor>
            <dependent idx="33">non-spore</dependent>
          </dep>
          <dep type="punct">
            <governor idx="34">forming</governor>
            <dependent idx="35">,</dependent>
          </dep>
          <dep type="amod">
            <governor idx="38">bacteria</governor>
            <dependent idx="36">curved</dependent>
          </dep>
          <dep type="amod">
            <governor idx="38">bacteria</governor>
            <dependent idx="37">rod-shaped</dependent>
          </dep>
          <dep type="dobj">
            <governor idx="34">forming</governor>
            <dependent idx="38">bacteria</dependent>
          </dep>
          <dep type="punct">
            <governor idx="38">bacteria</governor>
            <dependent idx="39">,</dependent>
          </dep>
          <dep type="nummod">
            <governor idx="41">um</governor>
            <dependent idx="40">0.7</dependent>
          </dep>
          <dep type="appos">
            <governor idx="38">bacteria</governor>
            <dependent idx="41">um</dependent>
          </dep>
          <dep type="case">
            <governor idx="44">diameter</governor>
            <dependent idx="42">in</dependent>
          </dep>
          <dep type="compound">
            <governor idx="44">diameter</governor>
            <dependent idx="43">cell</dependent>
          </dep>
          <dep type="nmod">
            <governor idx="41">um</governor>
            <dependent idx="44">diameter</dependent>
          </dep>
          <dep type="punct">
            <governor idx="38">bacteria</governor>
            <dependent idx="45">,</dependent>
          </dep>
          <dep type="acl">
            <governor idx="38">bacteria</governor>
            <dependent idx="46">isolated</dependent>
          </dep>
          <dep type="case">
            <governor idx="48">soil</governor>
            <dependent idx="47">from</dependent>
          </dep>
          <dep type="nmod">
            <governor idx="46">isolated</governor>
            <dependent idx="48">soil</dependent>
          </dep>
          <dep type="punct">
            <governor idx="38">bacteria</governor>
            <dependent idx="49">,</dependent>
          </dep>
          <dep type="compound">
            <governor idx="51">intestines</governor>
            <dependent idx="50">animal</dependent>
          </dep>
          <dep type="conj">
            <governor idx="38">bacteria</governor>
            <dependent idx="51">intestines</dependent>
          </dep>
          <dep type="cc">
            <governor idx="51">intestines</governor>
            <dependent idx="52">and</dependent>
          </dep>
          <dep type="conj">
            <governor idx="51">intestines</governor>
            <dependent idx="53">feces</dependent>
          </dep>
          <dep type="punct">
            <governor idx="38">bacteria</governor>
            <dependent idx="54">,</dependent>
          </dep>
          <dep type="cc">
            <governor idx="38">bacteria</governor>
            <dependent idx="55">and</dependent>
          </dep>
          <dep type="amod">
            <governor idx="59">water</governor>
            <dependent idx="56">fresh</dependent>
          </dep>
          <dep type="cc">
            <governor idx="56">fresh</governor>
            <dependent idx="57">and</dependent>
          </dep>
          <dep type="conj">
            <governor idx="56">fresh</governor>
            <dependent idx="58">salt</dependent>
          </dep>
          <dep type="conj">
            <governor idx="38">bacteria</governor>
            <dependent idx="59">water</dependent>
          </dep>
          <dep type="punct">
            <governor idx="34">forming</governor>
            <dependent idx="60">.</dependent>
          </dep>
        </dependencies>
        <dependencies type="collapsed-dependencies">
          <dep type="root">
            <governor idx="0">ROOT</governor>
            <dependent idx="34">forming</dependent>
          </dep>
          <dep type="compound">
            <governor idx="5">breaks</governor>
            <dependent idx="1">Desulfovibrio</dependent>
          </dep>
          <dep type="compound">
            <governor idx="5">breaks</governor>
            <dependent idx="2">vulgaris</dependent>
          </dep>
          <dep type="compound">
            <governor idx="5">breaks</governor>
            <dependent idx="3">Desulfovibrio</dependent>
          </dep>
          <dep type="compound">
            <governor idx="5">breaks</governor>
            <dependent idx="4">vulgaris</dependent>
          </dep>
          <dep type="ccomp">
            <governor idx="15">breaks</governor>
            <dependent idx="5">breaks</dependent>
          </dep>
          <dep type="case">
            <governor idx="7">metals</governor>
            <dependent idx="6">down</dependent>
          </dep>
          <dep type="nmod:down">
            <governor idx="5">breaks</governor>
            <dependent idx="7">metals</dependent>
          </dep>
          <dep type="cc">
            <governor idx="5">breaks</governor>
            <dependent idx="8">and</dependent>
          </dep>
          <dep type="aux">
            <governor idx="10">corrode</governor>
            <dependent idx="9">can</dependent>
          </dep>
          <dep type="conj:and">
            <governor idx="5">breaks</governor>
            <dependent idx="10">corrode</dependent>
          </dep>
          <dep type="dobj">
            <governor idx="10">corrode</governor>
            <dependent idx="11">machinery</dependent>
          </dep>
          <dep type="punct">
            <governor idx="15">breaks</governor>
            <dependent idx="12">,</dependent>
          </dep>
          <dep type="nsubj">
            <governor idx="15">breaks</governor>
            <dependent idx="13">it</dependent>
          </dep>
          <dep type="advmod">
            <governor idx="15">breaks</governor>
            <dependent idx="14">also</dependent>
          </dep>
          <dep type="nsubj">
            <governor idx="34">forming</governor>
            <dependent idx="15">breaks</dependent>
          </dep>
          <dep type="compound:prt">
            <governor idx="15">breaks</governor>
            <dependent idx="16">down</dependent>
          </dep>
          <dep type="dobj">
            <governor idx="15">breaks</governor>
            <dependent idx="17">pollutants</dependent>
          </dep>
          <dep type="cc">
            <governor idx="15">breaks</governor>
            <dependent idx="18">and</dependent>
          </dep>
          <dep type="aux">
            <governor idx="21">clean</governor>
            <dependent idx="19">could</dependent>
          </dep>
          <dep type="advmod">
            <governor idx="21">clean</governor>
            <dependent idx="20">potentially</dependent>
          </dep>
          <dep type="conj:and">
            <governor idx="15">breaks</governor>
            <dependent idx="21">clean</dependent>
          </dep>
          <dep type="compound:prt">
            <governor idx="21">clean</governor>
            <dependent idx="22">up</dependent>
          </dep>
          <dep type="amod">
            <governor idx="26">vulgaris</governor>
            <dependent idx="23">environmental</dependent>
          </dep>
          <dep type="compound">
            <governor idx="26">vulgaris</governor>
            <dependent idx="24">toxins</dependent>
          </dep>
          <dep type="compound">
            <governor idx="26">vulgaris</governor>
            <dependent idx="25">Desulfovibrio</dependent>
          </dep>
          <dep type="dobj">
            <governor idx="21">clean</governor>
            <dependent idx="26">vulgaris</dependent>
          </dep>
          <dep type="cop">
            <governor idx="34">forming</governor>
            <dependent idx="27">is</dependent>
          </dep>
          <dep type="det">
            <governor idx="34">forming</governor>
            <dependent idx="28">a</dependent>
          </dep>
          <dep type="amod">
            <governor idx="34">forming</governor>
            <dependent idx="29">Gram-negative</dependent>
          </dep>
          <dep type="punct">
            <governor idx="29">Gram-negative</governor>
            <dependent idx="30">,</dependent>
          </dep>
          <dep type="dep">
            <governor idx="29">Gram-negative</governor>
            <dependent idx="31">anaerobic</dependent>
          </dep>
          <dep type="punct">
            <governor idx="29">Gram-negative</governor>
            <dependent idx="32">,</dependent>
          </dep>
          <dep type="dep">
            <governor idx="29">Gram-negative</governor>
            <dependent idx="33">non-spore</dependent>
          </dep>
          <dep type="punct">
            <governor idx="34">forming</governor>
            <dependent idx="35">,</dependent>
          </dep>
          <dep type="amod">
            <governor idx="38">bacteria</governor>
            <dependent idx="36">curved</dependent>
          </dep>
          <dep type="amod">
            <governor idx="38">bacteria</governor>
            <dependent idx="37">rod-shaped</dependent>
          </dep>
          <dep type="dobj">
            <governor idx="34">forming</governor>
            <dependent idx="38">bacteria</dependent>
          </dep>
          <dep type="punct">
            <governor idx="38">bacteria</governor>
            <dependent idx="39">,</dependent>
          </dep>
          <dep type="nummod">
            <governor idx="41">um</governor>
            <dependent idx="40">0.7</dependent>
          </dep>
          <dep type="appos">
            <governor idx="38">bacteria</governor>
            <dependent idx="41">um</dependent>
          </dep>
          <dep type="case">
            <governor idx="44">diameter</governor>
            <dependent idx="42">in</dependent>
          </dep>
          <dep type="compound">
            <governor idx="44">diameter</governor>
            <dependent idx="43">cell</dependent>
          </dep>
          <dep type="nmod:in">
            <governor idx="41">um</governor>
            <dependent idx="44">diameter</dependent>
          </dep>
          <dep type="punct">
            <governor idx="38">bacteria</governor>
            <dependent idx="45">,</dependent>
          </dep>
          <dep type="acl">
            <governor idx="38">bacteria</governor>
            <dependent idx="46">isolated</dependent>
          </dep>
          <dep type="case">
            <governor idx="48">soil</governor>
            <dependent idx="47">from</dependent>
          </dep>
          <dep type="nmod:from">
            <governor idx="46">isolated</governor>
            <dependent idx="48">soil</dependent>
          </dep>
          <dep type="punct">
            <governor idx="38">bacteria</governor>
            <dependent idx="49">,</dependent>
          </dep>
          <dep type="compound">
            <governor idx="51">intestines</governor>
            <dependent idx="50">animal</dependent>
          </dep>
          <dep type="conj:and">
            <governor idx="38">bacteria</governor>
            <dependent idx="51">intestines</dependent>
          </dep>
          <dep type="cc">
            <governor idx="51">intestines</governor>
            <dependent idx="52">and</dependent>
          </dep>
          <dep type="conj:and">
            <governor idx="51">intestines</governor>
            <dependent idx="53">feces</dependent>
          </dep>
          <dep type="punct">
            <governor idx="38">bacteria</governor>
            <dependent idx="54">,</dependent>
          </dep>
          <dep type="cc">
            <governor idx="38">bacteria</governor>
            <dependent idx="55">and</dependent>
          </dep>
          <dep type="amod">
            <governor idx="59">water</governor>
            <dependent idx="56">fresh</dependent>
          </dep>
          <dep type="cc">
            <governor idx="56">fresh</governor>
            <dependent idx="57">and</dependent>
          </dep>
          <dep type="conj:and">
            <governor idx="56">fresh</governor>
            <dependent idx="58">salt</dependent>
          </dep>
          <dep type="conj:and">
            <governor idx="38">bacteria</governor>
            <dependent idx="59">water</dependent>
          </dep>
          <dep type="punct">
            <governor idx="34">forming</governor>
            <dependent idx="60">.</dependent>
          </dep>
        </dependencies>
        <dependencies type="collapsed-ccprocessed-dependencies">
          <dep type="root">
            <governor idx="0">ROOT</governor>
            <dependent idx="34">forming</dependent>
          </dep>
          <dep type="compound">
            <governor idx="5">breaks</governor>
            <dependent idx="1">Desulfovibrio</dependent>
          </dep>
          <dep type="compound">
            <governor idx="5">breaks</governor>
            <dependent idx="2">vulgaris</dependent>
          </dep>
          <dep type="compound">
            <governor idx="5">breaks</governor>
            <dependent idx="3">Desulfovibrio</dependent>
          </dep>
          <dep type="compound">
            <governor idx="5">breaks</governor>
            <dependent idx="4">vulgaris</dependent>
          </dep>
          <dep type="ccomp">
            <governor idx="15">breaks</governor>
            <dependent idx="5">breaks</dependent>
          </dep>
          <dep type="case">
            <governor idx="7">metals</governor>
            <dependent idx="6">down</dependent>
          </dep>
          <dep type="nmod:down">
            <governor idx="5">breaks</governor>
            <dependent idx="7">metals</dependent>
          </dep>
          <dep type="cc">
            <governor idx="5">breaks</governor>
            <dependent idx="8">and</dependent>
          </dep>
          <dep type="aux">
            <governor idx="10">corrode</governor>
            <dependent idx="9">can</dependent>
          </dep>
          <dep type="conj:and">
            <governor idx="5">breaks</governor>
            <dependent idx="10">corrode</dependent>
          </dep>
          <dep type="ccomp" extra="true">
            <governor idx="15">breaks</governor>
            <dependent idx="10">corrode</dependent>
          </dep>
          <dep type="dobj">
            <governor idx="10">corrode</governor>
            <dependent idx="11">machinery</dependent>
          </dep>
          <dep type="punct">
            <governor idx="15">breaks</governor>
            <dependent idx="12">,</dependent>
          </dep>
          <dep type="nsubj">
            <governor idx="15">breaks</governor>
            <dependent idx="13">it</dependent>
          </dep>
          <dep type="nsubj" extra="true">
            <governor idx="21">clean</governor>
            <dependent idx="13">it</dependent>
          </dep>
          <dep type="advmod">
            <governor idx="15">breaks</governor>
            <dependent idx="14">also</dependent>
          </dep>
          <dep type="nsubj">
            <governor idx="34">forming</governor>
            <dependent idx="15">breaks</dependent>
          </dep>
          <dep type="compound:prt">
            <governor idx="15">breaks</governor>
            <dependent idx="16">down</dependent>
          </dep>
          <dep type="dobj">
            <governor idx="15">breaks</governor>
            <dependent idx="17">pollutants</dependent>
          </dep>
          <dep type="cc">
            <governor idx="15">breaks</governor>
            <dependent idx="18">and</dependent>
          </dep>
          <dep type="aux">
            <governor idx="21">clean</governor>
            <dependent idx="19">could</dependent>
          </dep>
          <dep type="advmod">
            <governor idx="21">clean</governor>
            <dependent idx="20">potentially</dependent>
          </dep>
          <dep type="conj:and">
            <governor idx="15">breaks</governor>
            <dependent idx="21">clean</dependent>
          </dep>
          <dep type="nsubj" extra="true">
            <governor idx="34">forming</governor>
            <dependent idx="21">clean</dependent>
          </dep>
          <dep type="compound:prt">
            <governor idx="21">clean</governor>
            <dependent idx="22">up</dependent>
          </dep>
          <dep type="amod">
            <governor idx="26">vulgaris</governor>
            <dependent idx="23">environmental</dependent>
          </dep>
          <dep type="compound">
            <governor idx="26">vulgaris</governor>
            <dependent idx="24">toxins</dependent>
          </dep>
          <dep type="compound">
            <governor idx="26">vulgaris</governor>
            <dependent idx="25">Desulfovibrio</dependent>
          </dep>
          <dep type="dobj">
            <governor idx="21">clean</governor>
            <dependent idx="26">vulgaris</dependent>
          </dep>
          <dep type="cop">
            <governor idx="34">forming</governor>
            <dependent idx="27">is</dependent>
          </dep>
          <dep type="det">
            <governor idx="34">forming</governor>
            <dependent idx="28">a</dependent>
          </dep>
          <dep type="amod">
            <governor idx="34">forming</governor>
            <dependent idx="29">Gram-negative</dependent>
          </dep>
          <dep type="punct">
            <governor idx="29">Gram-negative</governor>
            <dependent idx="30">,</dependent>
          </dep>
          <dep type="dep">
            <governor idx="29">Gram-negative</governor>
            <dependent idx="31">anaerobic</dependent>
          </dep>
          <dep type="punct">
            <governor idx="29">Gram-negative</governor>
            <dependent idx="32">,</dependent>
          </dep>
          <dep type="dep">
            <governor idx="29">Gram-negative</governor>
            <dependent idx="33">non-spore</dependent>
          </dep>
          <dep type="punct">
            <governor idx="34">forming</governor>
            <dependent idx="35">,</dependent>
          </dep>
          <dep type="amod">
            <governor idx="38">bacteria</governor>
            <dependent idx="36">curved</dependent>
          </dep>
          <dep type="amod">
            <governor idx="38">bacteria</governor>
            <dependent idx="37">rod-shaped</dependent>
          </dep>
          <dep type="dobj">
            <governor idx="34">forming</governor>
            <dependent idx="38">bacteria</dependent>
          </dep>
          <dep type="punct">
            <governor idx="38">bacteria</governor>
            <dependent idx="39">,</dependent>
          </dep>
          <dep type="nummod">
            <governor idx="41">um</governor>
            <dependent idx="40">0.7</dependent>
          </dep>
          <dep type="appos">
            <governor idx="38">bacteria</governor>
            <dependent idx="41">um</dependent>
          </dep>
          <dep type="case">
            <governor idx="44">diameter</governor>
            <dependent idx="42">in</dependent>
          </dep>
          <dep type="compound">
            <governor idx="44">diameter</governor>
            <dependent idx="43">cell</dependent>
          </dep>
          <dep type="nmod:in">
            <governor idx="41">um</governor>
            <dependent idx="44">diameter</dependent>
          </dep>
          <dep type="punct">
            <governor idx="38">bacteria</governor>
            <dependent idx="45">,</dependent>
          </dep>
          <dep type="acl">
            <governor idx="38">bacteria</governor>
            <dependent idx="46">isolated</dependent>
          </dep>
          <dep type="case">
            <governor idx="48">soil</governor>
            <dependent idx="47">from</dependent>
          </dep>
          <dep type="nmod:from">
            <governor idx="46">isolated</governor>
            <dependent idx="48">soil</dependent>
          </dep>
          <dep type="punct">
            <governor idx="38">bacteria</governor>
            <dependent idx="49">,</dependent>
          </dep>
          <dep type="compound">
            <governor idx="51">intestines</governor>
            <dependent idx="50">animal</dependent>
          </dep>
          <dep type="dobj" extra="true">
            <governor idx="34">forming</governor>
            <dependent idx="51">intestines</dependent>
          </dep>
          <dep type="conj:and">
            <governor idx="38">bacteria</governor>
            <dependent idx="51">intestines</dependent>
          </dep>
          <dep type="cc">
            <governor idx="51">intestines</governor>
            <dependent idx="52">and</dependent>
          </dep>
          <dep type="conj:and" extra="true">
            <governor idx="38">bacteria</governor>
            <dependent idx="53">feces</dependent>
          </dep>
          <dep type="conj:and">
            <governor idx="51">intestines</governor>
            <dependent idx="53">feces</dependent>
          </dep>
          <dep type="punct">
            <governor idx="38">bacteria</governor>
            <dependent idx="54">,</dependent>
          </dep>
          <dep type="cc">
            <governor idx="38">bacteria</governor>
            <dependent idx="55">and</dependent>
          </dep>
          <dep type="amod">
            <governor idx="59">water</governor>
            <dependent idx="56">fresh</dependent>
          </dep>
          <dep type="cc">
            <governor idx="56">fresh</governor>
            <dependent idx="57">and</dependent>
          </dep>
          <dep type="conj:and">
            <governor idx="56">fresh</governor>
            <dependent idx="58">salt</dependent>
          </dep>
          <dep type="amod" extra="true">
            <governor idx="59">water</governor>
            <dependent idx="58">salt</dependent>
          </dep>
          <dep type="dobj" extra="true">
            <governor idx="34">forming</governor>
            <dependent idx="59">water</dependent>
          </dep>
          <dep type="conj:and">
            <governor idx="38">bacteria</governor>
            <dependent idx="59">water</dependent>
          </dep>
          <dep type="punct">
            <governor idx="34">forming</governor>
            <dependent idx="60">.</dependent>
          </dep>
        </dependencies>
        <dependencies type="enhanced-dependencies">
          <dep type="root">
            <governor idx="0">ROOT</governor>
            <dependent idx="34">forming</dependent>
          </dep>
          <dep type="compound">
            <governor idx="5">breaks</governor>
            <dependent idx="1">Desulfovibrio</dependent>
          </dep>
          <dep type="compound">
            <governor idx="5">breaks</governor>
            <dependent idx="2">vulgaris</dependent>
          </dep>
          <dep type="compound">
            <governor idx="5">breaks</governor>
            <dependent idx="3">Desulfovibrio</dependent>
          </dep>
          <dep type="compound">
            <governor idx="5">breaks</governor>
            <dependent idx="4">vulgaris</dependent>
          </dep>
          <dep type="ccomp">
            <governor idx="15">breaks</governor>
            <dependent idx="5">breaks</dependent>
          </dep>
          <dep type="case">
            <governor idx="7">metals</governor>
            <dependent idx="6">down</dependent>
          </dep>
          <dep type="nmod:down">
            <governor idx="5">breaks</governor>
            <dependent idx="7">metals</dependent>
          </dep>
          <dep type="cc">
            <governor idx="5">breaks</governor>
            <dependent idx="8">and</dependent>
          </dep>
          <dep type="aux">
            <governor idx="10">corrode</governor>
            <dependent idx="9">can</dependent>
          </dep>
          <dep type="conj:and">
            <governor idx="5">breaks</governor>
            <dependent idx="10">corrode</dependent>
          </dep>
          <dep type="ccomp" extra="true">
            <governor idx="15">breaks</governor>
            <dependent idx="10">corrode</dependent>
          </dep>
          <dep type="dobj">
            <governor idx="10">corrode</governor>
            <dependent idx="11">machinery</dependent>
          </dep>
          <dep type="punct">
            <governor idx="15">breaks</governor>
            <dependent idx="12">,</dependent>
          </dep>
          <dep type="nsubj">
            <governor idx="15">breaks</governor>
            <dependent idx="13">it</dependent>
          </dep>
          <dep type="nsubj" extra="true">
            <governor idx="21">clean</governor>
            <dependent idx="13">it</dependent>
          </dep>
          <dep type="advmod">
            <governor idx="15">breaks</governor>
            <dependent idx="14">also</dependent>
          </dep>
          <dep type="nsubj">
            <governor idx="34">forming</governor>
            <dependent idx="15">breaks</dependent>
          </dep>
          <dep type="compound:prt">
            <governor idx="15">breaks</governor>
            <dependent idx="16">down</dependent>
          </dep>
          <dep type="dobj">
            <governor idx="15">breaks</governor>
            <dependent idx="17">pollutants</dependent>
          </dep>
          <dep type="cc">
            <governor idx="15">breaks</governor>
            <dependent idx="18">and</dependent>
          </dep>
          <dep type="aux">
            <governor idx="21">clean</governor>
            <dependent idx="19">could</dependent>
          </dep>
          <dep type="advmod">
            <governor idx="21">clean</governor>
            <dependent idx="20">potentially</dependent>
          </dep>
          <dep type="conj:and">
            <governor idx="15">breaks</governor>
            <dependent idx="21">clean</dependent>
          </dep>
          <dep type="nsubj" extra="true">
            <governor idx="34">forming</governor>
            <dependent idx="21">clean</dependent>
          </dep>
          <dep type="compound:prt">
            <governor idx="21">clean</governor>
            <dependent idx="22">up</dependent>
          </dep>
          <dep type="amod">
            <governor idx="26">vulgaris</governor>
            <dependent idx="23">environmental</dependent>
          </dep>
          <dep type="compound">
            <governor idx="26">vulgaris</governor>
            <dependent idx="24">toxins</dependent>
          </dep>
          <dep type="compound">
            <governor idx="26">vulgaris</governor>
            <dependent idx="25">Desulfovibrio</dependent>
          </dep>
          <dep type="dobj">
            <governor idx="21">clean</governor>
            <dependent idx="26">vulgaris</dependent>
          </dep>
          <dep type="cop">
            <governor idx="34">forming</governor>
            <dependent idx="27">is</dependent>
          </dep>
          <dep type="det">
            <governor idx="34">forming</governor>
            <dependent idx="28">a</dependent>
          </dep>
          <dep type="amod">
            <governor idx="34">forming</governor>
            <dependent idx="29">Gram-negative</dependent>
          </dep>
          <dep type="punct">
            <governor idx="29">Gram-negative</governor>
            <dependent idx="30">,</dependent>
          </dep>
          <dep type="dep">
            <governor idx="29">Gram-negative</governor>
            <dependent idx="31">anaerobic</dependent>
          </dep>
          <dep type="punct">
            <governor idx="29">Gram-negative</governor>
            <dependent idx="32">,</dependent>
          </dep>
          <dep type="dep">
            <governor idx="29">Gram-negative</governor>
            <dependent idx="33">non-spore</dependent>
          </dep>
          <dep type="punct">
            <governor idx="34">forming</governor>
            <dependent idx="35">,</dependent>
          </dep>
          <dep type="amod">
            <governor idx="38">bacteria</governor>
            <dependent idx="36">curved</dependent>
          </dep>
          <dep type="amod">
            <governor idx="38">bacteria</governor>
            <dependent idx="37">rod-shaped</dependent>
          </dep>
          <dep type="dobj">
            <governor idx="34">forming</governor>
            <dependent idx="38">bacteria</dependent>
          </dep>
          <dep type="punct">
            <governor idx="38">bacteria</governor>
            <dependent idx="39">,</dependent>
          </dep>
          <dep type="nummod">
            <governor idx="41">um</governor>
            <dependent idx="40">0.7</dependent>
          </dep>
          <dep type="appos">
            <governor idx="38">bacteria</governor>
            <dependent idx="41">um</dependent>
          </dep>
          <dep type="case">
            <governor idx="44">diameter</governor>
            <dependent idx="42">in</dependent>
          </dep>
          <dep type="compound">
            <governor idx="44">diameter</governor>
            <dependent idx="43">cell</dependent>
          </dep>
          <dep type="nmod:in">
            <governor idx="41">um</governor>
            <dependent idx="44">diameter</dependent>
          </dep>
          <dep type="punct">
            <governor idx="38">bacteria</governor>
            <dependent idx="45">,</dependent>
          </dep>
          <dep type="acl">
            <governor idx="38">bacteria</governor>
            <dependent idx="46">isolated</dependent>
          </dep>
          <dep type="case">
            <governor idx="48">soil</governor>
            <dependent idx="47">from</dependent>
          </dep>
          <dep type="nmod:from">
            <governor idx="46">isolated</governor>
            <dependent idx="48">soil</dependent>
          </dep>
          <dep type="punct">
            <governor idx="38">bacteria</governor>
            <dependent idx="49">,</dependent>
          </dep>
          <dep type="compound">
            <governor idx="51">intestines</governor>
            <dependent idx="50">animal</dependent>
          </dep>
          <dep type="dobj" extra="true">
            <governor idx="34">forming</governor>
            <dependent idx="51">intestines</dependent>
          </dep>
          <dep type="conj:and">
            <governor idx="38">bacteria</governor>
            <dependent idx="51">intestines</dependent>
          </dep>
          <dep type="cc">
            <governor idx="51">intestines</governor>
            <dependent idx="52">and</dependent>
          </dep>
          <dep type="conj:and" extra="true">
            <governor idx="38">bacteria</governor>
            <dependent idx="53">feces</dependent>
          </dep>
          <dep type="conj:and">
            <governor idx="51">intestines</governor>
            <dependent idx="53">feces</dependent>
          </dep>
          <dep type="punct">
            <governor idx="38">bacteria</governor>
            <dependent idx="54">,</dependent>
          </dep>
          <dep type="cc">
            <governor idx="38">bacteria</governor>
            <dependent idx="55">and</dependent>
          </dep>
          <dep type="amod">
            <governor idx="59">water</governor>
            <dependent idx="56">fresh</dependent>
          </dep>
          <dep type="cc">
            <governor idx="56">fresh</governor>
            <dependent idx="57">and</dependent>
          </dep>
          <dep type="conj:and">
            <governor idx="56">fresh</governor>
            <dependent idx="58">salt</dependent>
          </dep>
          <dep type="amod" extra="true">
            <governor idx="59">water</governor>
            <dependent idx="58">salt</dependent>
          </dep>
          <dep type="dobj" extra="true">
            <governor idx="34">forming</governor>
            <dependent idx="59">water</dependent>
          </dep>
          <dep type="conj:and">
            <governor idx="38">bacteria</governor>
            <dependent idx="59">water</dependent>
          </dep>
          <dep type="punct">
            <governor idx="34">forming</governor>
            <dependent idx="60">.</dependent>
          </dep>
        </dependencies>
        <dependencies type="enhanced-plus-plus-dependencies">
          <dep type="root">
            <governor idx="0">ROOT</governor>
            <dependent idx="34">forming</dependent>
          </dep>
          <dep type="compound">
            <governor idx="5">breaks</governor>
            <dependent idx="1">Desulfovibrio</dependent>
          </dep>
          <dep type="compound">
            <governor idx="5">breaks</governor>
            <dependent idx="2">vulgaris</dependent>
          </dep>
          <dep type="compound">
            <governor idx="5">breaks</governor>
            <dependent idx="3">Desulfovibrio</dependent>
          </dep>
          <dep type="compound">
            <governor idx="5">breaks</governor>
            <dependent idx="4">vulgaris</dependent>
          </dep>
          <dep type="ccomp">
            <governor idx="15">breaks</governor>
            <dependent idx="5">breaks</dependent>
          </dep>
          <dep type="case">
            <governor idx="7">metals</governor>
            <dependent idx="6">down</dependent>
          </dep>
          <dep type="nmod:down">
            <governor idx="5">breaks</governor>
            <dependent idx="7">metals</dependent>
          </dep>
          <dep type="cc">
            <governor idx="5">breaks</governor>
            <dependent idx="8">and</dependent>
          </dep>
          <dep type="aux">
            <governor idx="10">corrode</governor>
            <dependent idx="9">can</dependent>
          </dep>
          <dep type="conj:and">
            <governor idx="5">breaks</governor>
            <dependent idx="10">corrode</dependent>
          </dep>
          <dep type="ccomp" extra="true">
            <governor idx="15">breaks</governor>
            <dependent idx="10">corrode</dependent>
          </dep>
          <dep type="dobj">
            <governor idx="10">corrode</governor>
            <dependent idx="11">machinery</dependent>
          </dep>
          <dep type="punct">
            <governor idx="15">breaks</governor>
            <dependent idx="12">,</dependent>
          </dep>
          <dep type="nsubj">
            <governor idx="15">breaks</governor>
            <dependent idx="13">it</dependent>
          </dep>
          <dep type="nsubj" extra="true">
            <governor idx="21">clean</governor>
            <dependent idx="13">it</dependent>
          </dep>
          <dep type="advmod">
            <governor idx="15">breaks</governor>
            <dependent idx="14">also</dependent>
          </dep>
          <dep type="nsubj">
            <governor idx="34">forming</governor>
            <dependent idx="15">breaks</dependent>
          </dep>
          <dep type="compound:prt">
            <governor idx="15">breaks</governor>
            <dependent idx="16">down</dependent>
          </dep>
          <dep type="dobj">
            <governor idx="15">breaks</governor>
            <dependent idx="17">pollutants</dependent>
          </dep>
          <dep type="cc">
            <governor idx="15">breaks</governor>
            <dependent idx="18">and</dependent>
          </dep>
          <dep type="aux">
            <governor idx="21">clean</governor>
            <dependent idx="19">could</dependent>
          </dep>
          <dep type="advmod">
            <governor idx="21">clean</governor>
            <dependent idx="20">potentially</dependent>
          </dep>
          <dep type="conj:and">
            <governor idx="15">breaks</governor>
            <dependent idx="21">clean</dependent>
          </dep>
          <dep type="nsubj" extra="true">
            <governor idx="34">forming</governor>
            <dependent idx="21">clean</dependent>
          </dep>
          <dep type="compound:prt">
            <governor idx="21">clean</governor>
            <dependent idx="22">up</dependent>
          </dep>
          <dep type="amod">
            <governor idx="26">vulgaris</governor>
            <dependent idx="23">environmental</dependent>
          </dep>
          <dep type="compound">
            <governor idx="26">vulgaris</governor>
            <dependent idx="24">toxins</dependent>
          </dep>
          <dep type="compound">
            <governor idx="26">vulgaris</governor>
            <dependent idx="25">Desulfovibrio</dependent>
          </dep>
          <dep type="dobj">
            <governor idx="21">clean</governor>
            <dependent idx="26">vulgaris</dependent>
          </dep>
          <dep type="cop">
            <governor idx="34">forming</governor>
            <dependent idx="27">is</dependent>
          </dep>
          <dep type="det">
            <governor idx="34">forming</governor>
            <dependent idx="28">a</dependent>
          </dep>
          <dep type="amod">
            <governor idx="34">forming</governor>
            <dependent idx="29">Gram-negative</dependent>
          </dep>
          <dep type="punct">
            <governor idx="29">Gram-negative</governor>
            <dependent idx="30">,</dependent>
          </dep>
          <dep type="dep">
            <governor idx="29">Gram-negative</governor>
            <dependent idx="31">anaerobic</dependent>
          </dep>
          <dep type="punct">
            <governor idx="29">Gram-negative</governor>
            <dependent idx="32">,</dependent>
          </dep>
          <dep type="dep">
            <governor idx="29">Gram-negative</governor>
            <dependent idx="33">non-spore</dependent>
          </dep>
          <dep type="punct">
            <governor idx="34">forming</governor>
            <dependent idx="35">,</dependent>
          </dep>
          <dep type="amod">
            <governor idx="38">bacteria</governor>
            <dependent idx="36">curved</dependent>
          </dep>
          <dep type="amod">
            <governor idx="38">bacteria</governor>
            <dependent idx="37">rod-shaped</dependent>
          </dep>
          <dep type="dobj">
            <governor idx="34">forming</governor>
            <dependent idx="38">bacteria</dependent>
          </dep>
          <dep type="punct">
            <governor idx="38">bacteria</governor>
            <dependent idx="39">,</dependent>
          </dep>
          <dep type="nummod">
            <governor idx="41">um</governor>
            <dependent idx="40">0.7</dependent>
          </dep>
          <dep type="appos">
            <governor idx="38">bacteria</governor>
            <dependent idx="41">um</dependent>
          </dep>
          <dep type="case">
            <governor idx="44">diameter</governor>
            <dependent idx="42">in</dependent>
          </dep>
          <dep type="compound">
            <governor idx="44">diameter</governor>
            <dependent idx="43">cell</dependent>
          </dep>
          <dep type="nmod:in">
            <governor idx="41">um</governor>
            <dependent idx="44">diameter</dependent>
          </dep>
          <dep type="punct">
            <governor idx="38">bacteria</governor>
            <dependent idx="45">,</dependent>
          </dep>
          <dep type="acl">
            <governor idx="38">bacteria</governor>
            <dependent idx="46">isolated</dependent>
          </dep>
          <dep type="case">
            <governor idx="48">soil</governor>
            <dependent idx="47">from</dependent>
          </dep>
          <dep type="nmod:from">
            <governor idx="46">isolated</governor>
            <dependent idx="48">soil</dependent>
          </dep>
          <dep type="punct">
            <governor idx="38">bacteria</governor>
            <dependent idx="49">,</dependent>
          </dep>
          <dep type="compound">
            <governor idx="51">intestines</governor>
            <dependent idx="50">animal</dependent>
          </dep>
          <dep type="dobj" extra="true">
            <governor idx="34">forming</governor>
            <dependent idx="51">intestines</dependent>
          </dep>
          <dep type="conj:and">
            <governor idx="38">bacteria</governor>
            <dependent idx="51">intestines</dependent>
          </dep>
          <dep type="cc">
            <governor idx="51">intestines</governor>
            <dependent idx="52">and</dependent>
          </dep>
          <dep type="conj:and" extra="true">
            <governor idx="38">bacteria</governor>
            <dependent idx="53">feces</dependent>
          </dep>
          <dep type="conj:and">
            <governor idx="51">intestines</governor>
            <dependent idx="53">feces</dependent>
          </dep>
          <dep type="punct">
            <governor idx="38">bacteria</governor>
            <dependent idx="54">,</dependent>
          </dep>
          <dep type="cc">
            <governor idx="38">bacteria</governor>
            <dependent idx="55">and</dependent>
          </dep>
          <dep type="amod">
            <governor idx="59">water</governor>
            <dependent idx="56">fresh</dependent>
          </dep>
          <dep type="cc">
            <governor idx="56">fresh</governor>
            <dependent idx="57">and</dependent>
          </dep>
          <dep type="conj:and">
            <governor idx="56">fresh</governor>
            <dependent idx="58">salt</dependent>
          </dep>
          <dep type="amod" extra="true">
            <governor idx="59">water</governor>
            <dependent idx="58">salt</dependent>
          </dep>
          <dep type="dobj" extra="true">
            <governor idx="34">forming</governor>
            <dependent idx="59">water</dependent>
          </dep>
          <dep type="conj:and">
            <governor idx="38">bacteria</governor>
            <dependent idx="59">water</dependent>
          </dep>
          <dep type="punct">
            <governor idx="34">forming</governor>
            <dependent idx="60">.</dependent>
          </dep>
        </dependencies>
      </sentence>
    </sentences>
    <coreference>
      <coreference>
        <mention representative="true">
          <sentence>1</sentence>
          <start>1</start>
          <end>2</end>
          <head>1</head>
          <text>Desulfovibrio</text>
        </mention>
        <mention>
          <sentence>1</sentence>
          <start>3</start>
          <end>4</end>
          <head>3</head>
          <text>Desulfovibrio</text>
        </mention>
      </coreference>
    </coreference>
  </document>
</root>
